date,PRC,RET
1/2/2014,87.27,-0.007845
1/3/2014,86.64,-0.007219
1/6/2014,86.32,-0.003693
1/7/2014,87.12,0.009268
1/8/2014,87.31,0.002181
1/9/2014,87.02,-0.003322
1/10/2014,87.3,0.003218
1/13/2014,86.01,-0.014777
1/14/2014,87.65,0.019068
1/15/2014,88.37,0.008215
1/16/2014,88.38,0.000113
1/17/2014,87.88,-0.005657
1/21/2014,88.55,0.007624
1/22/2014,88.78,0.002597
1/23/2014,88.48,-0.003379
1/24/2014,86.74,-0.019666
1/27/2014,85.9,-0.009684
1/28/2014,85.85,-0.000582
1/29/2014,84.93,-0.010716
1/30/2014,86.5,0.018486
1/31/2014,86.27,-0.002659
2/3/2014,84.29,-0.022951
2/4/2014,84.91,0.007356
2/5/2014,84.69,-0.002591
2/6/2014,85.77,0.012752
2/7/2014,87.3,0.017838
2/10/2014,87.8,0.005727
2/11/2014,88.8,0.01139
2/12/2014,88.97,0.001914
2/13/2014,89.63,0.007418
2/14/2014,89.81,0.002008
2/18/2014,90.25,0.004899
2/19/2014,89.63,-0.00687
2/20/2014,90.05,0.004686
2/21/2014,89.93,-0.001333
2/24/2014,90.41,0.005338
2/25/2014,90.31,-0.001106
2/26/2014,90.23,-0.000886
2/27/2014,90.44,0.006463
2/28/2014,90.34,-0.001106
3/3/2014,89.67,-0.007416
3/4/2014,90.81,0.012713
3/5/2014,91.06,0.002753
3/6/2014,90.98,-0.000878
3/7/2014,90.53,-0.004946
3/10/2014,90.61,0.000884
3/11/2014,90.22,-0.004304
3/12/2014,90.56,0.003769
3/13/2014,89.28,-0.014134
3/14/2014,88.67,-0.006832
3/17/2014,89.45,0.008797
3/18/2014,90.53,0.012074
3/19/2014,90.04,-0.005413
3/20/2014,90.29,0.002777
3/21/2014,89,-0.012005
3/24/2014,88.22,-0.008764
3/25/2014,88.51,0.003287
3/26/2014,87.37,-0.01288
3/27/2014,86.879,-0.00562
3/28/2014,87.05,0.001968
3/31/2014,87.67,0.007122
4/1/2014,89.21,0.017566
4/2/2014,89.44,0.002578
4/3/2014,88.73,-0.007938
4/4/2014,86.37,-0.026598
4/7/2014,85.55,-0.009494
4/8/2014,86.34,0.009234
4/9/2014,87.82,0.017142
4/10/2014,85.1,-0.030972
4/11/2014,84.11,-0.011633
4/14/2014,84.77,0.007847
4/15/2014,85.0501,0.003304
4/16/2014,86.18,0.013285
4/17/2014,86.2,0.000232
4/21/2014,86.84,0.007425
4/22/2014,87.53,0.007946
4/23/2014,86.76,-0.008797
4/24/2014,87.59,0.009567
4/25/2014,86.19,-0.015983
4/28/2014,86.47,0.003249
4/29/2014,87.16,0.00798
4/30/2014,87.39,0.002639
5/1/2014,87.65,0.002975
5/2/2014,87.49,-0.001825
5/5/2014,87.95,0.005258
5/6/2014,86.81,-0.012962
5/7/2014,86.56,-0.00288
5/8/2014,86.48,-0.000924
5/9/2014,86.8,0.0037
5/12/2014,88.23,0.016475
5/13/2014,88.29,0.00068
5/14/2014,87.83,-0.00521
5/15/2014,87.135,-0.007913
5/16/2014,87.71,0.006599
5/19/2014,88.32,0.006955
5/20/2014,88,-0.003623
5/21/2014,88.84,0.009545
5/22/2014,89.23,0.00439
5/23/2014,89.88,0.007284
5/27/2014,91.001,0.012472
5/28/2014,90.72,-0.003088
5/29/2014,91.3,0.006393
5/30/2014,91.31,0.000109
6/2/2014,91.22,-0.000986
6/3/2014,91.18,-0.000439
6/4/2014,91.52,0.003729
6/5/2014,92.29,0.008414
6/6/2014,92.82,0.005743
6/9/2014,92.75,-0.000754
6/10/2014,92.91,0.001725
6/11/2014,92.89,-0.000215
6/12/2014,92.05,-0.009043
6/13/2014,92.32,0.002933
6/16/2014,92.4,0.000867
6/17/2014,92.45,0.000541
6/18/2014,92.97,0.005625
6/19/2014,92.91,-0.000645
6/20/2014,92.77,0.001174
6/23/2014,92.79,0.000216
6/24/2014,92.7,-0.00097
6/25/2014,93.29,0.006365
6/26/2014,93.34,0.000536
6/27/2014,93.75,0.004393
6/30/2014,93.91,0.001707
7/1/2014,94.94,0.010968
7/2/2014,95.1,0.001685
7/3/2014,95.7,0.006309
7/7/2014,95.41,-0.00303
7/8/2014,94.26,-0.012053
7/9/2014,94.96,0.007426
7/10/2014,94.66,-0.003159
7/11/2014,95.27,0.006444
7/14/2014,95.84,0.005983
7/15/2014,95.51,-0.003443
7/16/2014,95.89,0.003979
7/17/2014,94.619,-0.013255
7/18/2014,96.12,0.015864
7/21/2014,96,-0.001248
7/22/2014,96.61,0.006354
7/23/2014,97.227,0.006386
7/24/2014,97.12,-0.0011
7/25/2014,96.74,-0.003913
7/28/2014,96.77,0.00031
7/29/2014,96.6,-0.001757
7/30/2014,96.98,0.003934
7/31/2014,95.02,-0.02021
8/1/2014,94.67,-0.003683
8/4/2014,95.32,0.006866
8/5/2014,94.59,-0.007658
8/6/2014,94.52,-0.00074
8/7/2014,94.22,-0.003174
8/8/2014,94.9,0.007217
8/11/2014,95.46,0.005901
8/12/2014,95.42,-0.000419
8/13/2014,96.43,0.010585
8/14/2014,96.93,0.005185
8/15/2014,97.4,0.004849
8/18/2014,98.15,0.0077
8/19/2014,98.7,0.005604
8/20/2014,98.7,0
8/21/2014,98.9,0.002026
8/22/2014,99.05,0.001517
8/25/2014,99.4,0.003534
8/26/2014,99.5,0.001006
8/27/2014,99.52,0.000201
8/28/2014,99.41,-0.001105
8/29/2014,99.78,0.003722
9/2/2014,100.07,0.002906
9/3/2014,99.48,-0.005896
9/4/2014,99.39,-0.000905
9/5/2014,99.89,0.005031
9/8/2014,100.08,0.001902
9/9/2014,99.25,-0.008293
9/10/2014,100.07,0.008262
9/11/2014,99.99,-0.000799
9/12/2014,99.48,-0.0051
9/15/2014,98.52,-0.00965
9/16/2014,99.38,0.008729
9/17/2014,99.53,0.001509
9/18/2014,100.28,0.007535
9/19/2014,99.98,-0.00062
9/22/2014,99.05,-0.009302
9/23/2014,98.78,-0.002726
9/24/2014,99.84,0.010731
9/25/2014,97.74,-0.021034
9/26/2014,98.78,0.01064
9/29/2014,98.65,-0.001316
9/30/2014,98.79,0.001419
10/1/2014,97.21,-0.015994
10/2/2014,97.21,0
10/3/2014,98.17,0.009876
10/6/2014,97.96,-0.002139
10/7/2014,96.57,-0.014189
10/8/2014,98.45,0.019468
10/9/2014,96.86,-0.01615
10/10/2014,94.44,-0.024984
10/13/2014,92.96,-0.015671
10/14/2014,92.97,0.000108
10/15/2014,92.37,-0.006454
10/16/2014,91.79,-0.006279
10/17/2014,93,0.013182
10/20/2014,94.39,0.014946
10/21/2014,96.87,0.026274
10/22/2014,96.37,-0.005162
10/23/2014,97.82,0.015046
10/24/2014,98.62,0.008178
10/27/2014,98.69,0.00071
10/28/2014,100.18,0.015098
10/29/2014,99.81,-0.003693
10/30/2014,100.02,0.002104
10/31/2014,101.4,0.013797
11/3/2014,101.7,0.002959
11/4/2014,101.36,-0.003343
11/5/2014,101.37,0.000099
11/6/2014,101.69,0.003157
11/7/2014,101.6,-0.000885
11/10/2014,101.96,0.003543
11/11/2014,102.28,0.003138
11/12/2014,102.46,0.00176
11/13/2014,102.9,0.004294
11/14/2014,103.22,0.00311
11/17/2014,102.91,-0.003003
11/18/2014,103.68,0.007482
11/19/2014,103.21,-0.004533
11/20/2014,103.67,0.004457
11/21/2014,103.87,0.001929
11/24/2014,104.68,0.007798
11/25/2014,104.84,0.001528
11/26/2014,105.52,0.006486
11/28/2014,106.01,0.004644
12/1/2014,104.81,-0.01132
12/2/2014,105.23,0.004007
12/3/2014,105.42,0.001806
12/4/2014,105.37,-0.000474
12/5/2014,105.38,0.000095
12/8/2014,104.63,-0.007117
12/9/2014,104.96,0.003154
12/10/2014,103.31,-0.01572
12/11/2014,103.8,0.004743
12/12/2014,102.67,-0.010886
12/15/2014,101.61,-0.010324
12/16/2014,99.98,-0.016042
12/17/2014,101.8,0.018204
12/18/2014,104.25,0.024067
12/19/2014,104.32,0.004382
12/22/2014,104.58,0.002492
12/23/2014,104.21,-0.003538
12/24/2014,104.3,0.000864
12/26/2014,105.04,0.007095
12/29/2014,105.02,-0.00019
12/30/2014,104.32,-0.006665
12/31/2014,103.25,-0.010257
1/2/2015,102.94,-0.003002
1/5/2015,101.43,-0.014669
1/6/2015,100.07,-0.013408
1/7/2015,101.36,0.012891
1/8/2015,103.3,0.01914
1/9/2015,102.62,-0.006583
1/12/2015,101.55,-0.010427
1/13/2015,101.52,-0.000295
1/14/2015,100.96,-0.005516
1/15/2015,99.65,-0.012975
1/16/2015,100.82,0.011741
1/20/2015,101.62,0.007935
1/21/2015,102.14,0.005117
1/22/2015,104.03,0.018504
1/23/2015,104.26,0.002211
1/26/2015,104.14,-0.001151
1/27/2015,101.44,-0.025927
1/28/2015,100.92,-0.005126
1/29/2015,101.89,0.009612
1/30/2015,101.1,-0.007753
2/2/2015,101.98,0.008704
2/3/2015,102.96,0.00961
2/4/2015,102.87,-0.000874
2/5/2015,103.76,0.008652
2/6/2015,103.13,-0.006072
2/9/2015,102.8,-0.0032
2/10/2015,104.4,0.015564
2/11/2015,104.78,0.00364
2/12/2015,106,0.011643
2/13/2015,106.91,0.008585
2/17/2015,107.01,0.000935
2/18/2015,107.16,0.001402
2/19/2015,107.69,0.004946
2/20/2015,108.41,0.006686
2/23/2015,108.52,0.001015
2/24/2015,108.6,0.000737
2/25/2015,108.33,-0.002486
2/26/2015,108.88,0.005077
2/27/2015,108.4,-0.004408
3/2/2015,109.38,0.009041
3/3/2015,108.87,-0.004663
3/4/2015,108.45,-0.003858
3/5/2015,108.64,0.001752
3/6/2015,107.41,-0.011322
3/9/2015,107.72,0.002886
3/10/2015,105.72,-0.018567
3/11/2015,105.11,-0.00577
3/12/2015,105.8,0.006565
3/13/2015,105.34,-0.004348
3/16/2015,106.7,0.012911
3/17/2015,106.87,0.001593
3/18/2015,107.92,0.009825
3/19/2015,108.08,0.001483
3/20/2015,108.53,0.006459
3/23/2015,108.32,-0.001935
3/24/2015,107.93,-0.0036
3/25/2015,105.46,-0.022885
3/26/2015,105.1,-0.003414
3/27/2015,105.52,0.003996
3/30/2015,106.73,0.011467
3/31/2015,105.6,-0.010588
4/1/2015,105.05,-0.005208
4/2/2015,105.12,0.000666
4/6/2015,105.98,0.008181
4/7/2015,105.8,-0.001698
4/8/2015,106.64,0.007939
4/9/2015,107.31,0.006283
4/10/2015,107.75,0.0041
4/13/2015,107.48,-0.002506
4/14/2015,107.17,-0.002884
4/15/2015,107.84,0.006252
4/16/2015,107.69,-0.001391
4/17/2015,106.01,-0.0156
4/20/2015,107.6,0.014999
4/21/2015,108.06,0.004275
4/22/2015,108.65,0.00546
4/23/2015,109.06,0.003774
4/24/2015,110.54,0.013571
4/27/2015,110.26,-0.002533
4/28/2015,110.04,-0.001995
4/29/2015,109.35,-0.00627
4/30/2015,107.63,-0.015729
5/1/2015,109.05,0.013193
5/4/2015,109.23,0.001651
5/5/2015,107.45,-0.016296
5/6/2015,106.71,-0.006887
5/7/2015,107.35,0.005998
5/8/2015,108.69,0.012483
5/11/2015,108.27,-0.003864
5/12/2015,107.78,-0.004526
5/13/2015,108,0.002041
5/14/2015,109.58,0.01463
5/15/2015,109.58,0
5/18/2015,110.06,0.00438
5/19/2015,109.94,-0.00109
5/20/2015,110.01,0.000637
5/21/2015,110.58,0.005181
5/22/2015,110.47,-0.000995
5/26/2015,109.2,-0.011496
5/27/2015,110.96,0.016117
5/28/2015,110.71,-0.002253
5/29/2015,110.05,-0.005961
6/1/2015,110.42,0.003362
6/2/2015,110.07,-0.00317
6/3/2015,110.4,0.002998
6/4/2015,109.56,-0.007609
6/5/2015,109.3,-0.002373
6/8/2015,108.19,-0.010156
6/9/2015,108.01,-0.001664
6/10/2015,109.49,0.013702
6/11/2015,109.65,0.001461
6/12/2015,108.75,-0.008208
6/15/2015,108.21,-0.004966
6/16/2015,108.8,0.005452
6/17/2015,109.1,0.002757
6/18/2015,110.69,0.014574
6/19/2015,109.89,-0.004931
6/22/2015,110.7,0.007371
6/23/2015,110.79,0.000813
6/24/2015,110.22,-0.005145
6/25/2015,110,-0.001996
6/26/2015,109.27,-0.006636
6/29/2015,106.69,-0.023611
6/30/2015,107.07,0.003562
7/1/2015,107.92,0.007939
7/2/2015,107.95,0.000278
7/6/2015,107.7,-0.002316
7/7/2015,107.97,0.002507
7/8/2015,106.09,-0.017412
7/9/2015,106.03,-0.000566
7/10/2015,107.65,0.015279
7/13/2015,109.54,0.017557
7/14/2015,110.26,0.006573
7/15/2015,110.38,0.001088
7/16/2015,111.94,0.014133
7/17/2015,113.59,0.01474
7/20/2015,113.98,0.003433
7/21/2015,113.91,-0.000614
7/22/2015,112.62,-0.011325
7/23/2015,112.2,-0.003729
7/24/2015,111.1,-0.009804
7/27/2015,110.18,-0.008281
7/28/2015,111.13,0.008622
7/29/2015,111.55,0.003779
7/30/2015,112.08,0.004751
7/31/2015,111.95,-0.00116
8/3/2015,111.6,-0.003126
8/4/2015,111.39,-0.001882
8/5/2015,112.25,0.007721
8/6/2015,110.45,-0.016036
8/7/2015,110.31,-0.001268
8/10/2015,111.57,0.011422
8/11/2015,110.14,-0.012817
8/12/2015,110.52,0.00345
8/13/2015,110.34,-0.001629
8/14/2015,110.51,0.001541
8/17/2015,111.43,0.008325
8/18/2015,110.86,-0.005115
8/19/2015,110.13,-0.006585
8/20/2015,107.08,-0.027695
8/21/2015,102.4,-0.043706
8/24/2015,98.46,-0.038477
8/25/2015,98.09,-0.003758
8/26/2015,103.03,0.050362
8/27/2015,105.64,0.025332
8/28/2015,105.62,-0.000189
8/31/2015,104.31,-0.012403
9/1/2015,101.05,-0.031253
9/2/2015,103.9,0.028204
9/3/2015,103.39,-0.004909
9/4/2015,102.16,-0.011897
9/8/2015,105.04,0.028191
9/9/2015,103.86,-0.011234
9/10/2015,104.99,0.01088
9/11/2015,105.57,0.005524
9/14/2015,105.25,-0.003031
9/15/2015,106.49,0.011781
9/16/2015,107.09,0.005634
9/17/2015,107.13,0.000374
9/18/2015,105.35,-0.014188
9/21/2015,105.68,0.003132
9/22/2015,104.1,-0.014951
9/23/2015,104.18,0.000769
9/24/2015,103.8,-0.003648
9/25/2015,102.92,-0.008478
9/28/2015,99.99,-0.028469
9/29/2015,99.47,-0.0052
9/30/2015,101.76,0.023022
10/1/2015,102.22,0.00452
10/2/2015,104.01,0.017511
10/5/2015,105.5,0.014326
10/6/2015,105,-0.004739
10/7/2015,105.63,0.006
10/8/2015,106.05,0.003976
10/9/2015,106.53,0.004526
10/12/2015,106.79,0.002441
10/13/2015,106.1,-0.006461
10/14/2015,105.93,-0.001602
10/15/2015,107.67,0.016426
10/16/2015,108.12,0.004179
10/19/2015,108.74,0.005734
10/20/2015,108.18,-0.00515
10/21/2015,107.52,-0.006101
10/22/2015,109.71,0.020368
10/23/2015,112.78,0.027983
10/26/2015,112.85,0.000621
10/27/2015,113.08,0.002038
10/28/2015,114.02,0.008313
10/29/2015,113.84,-0.001579
10/30/2015,113.33,-0.00448
11/2/2015,114.61,0.011294
11/3/2015,115.01,0.00349
11/4/2015,115.02,0.000087
11/5/2015,114.71,-0.002695
11/6/2015,114.79,0.000697
11/9/2015,113.57,-0.010628
11/10/2015,113.28,-0.002553
11/11/2015,113.14,-0.001236
11/12/2015,112.04,-0.009722
11/13/2015,109.84,-0.019636
11/16/2015,111.42,0.014385
11/17/2015,111.49,0.000628
11/18/2015,113.63,0.019195
11/19/2015,113.71,0.000704
11/20/2015,114.48,0.006772
11/23/2015,114.15,-0.002883
11/24/2015,114.05,-0.000876
11/25/2015,114.15,0.000877
11/27/2015,114.31,0.001402
11/30/2015,114.02,-0.002537
12/1/2015,115.16,0.009998
12/2/2015,114.45,-0.006165
12/3/2015,112.51,-0.016951
12/4/2015,115.14,0.023376
12/7/2015,114.62,-0.004516
12/8/2015,114.63,0.000087
12/9/2015,112.89,-0.015179
12/10/2015,113.4,0.004518
12/11/2015,110.79,-0.023016
12/14/2015,111.63,0.007582
12/15/2015,112.31,0.006092
12/16/2015,113.98,0.01487
12/17/2015,112.32,-0.014564
12/18/2015,109.83,-0.019121
12/21/2015,111.05,0.011108
12/22/2015,111.78,0.006574
12/23/2015,112.61,0.007425
12/24/2015,112.59,-0.000178
12/28/2015,112.53,-0.000533
12/29/2015,114.3,0.015729
12/30/2015,113.27,-0.009011
12/31/2015,111.86,-0.012448
1/4/2016,109.5,-0.021098
1/5/2016,109.31,-0.001735
1/6/2016,108.26,-0.009606
1/7/2016,104.87,-0.031313
1/8/2016,104.01,-0.008201
1/11/2016,104.33,0.003077
1/12/2016,105.54,0.011598
1/13/2016,101.9,-0.034489
1/14/2016,104.07,0.021295
1/15/2016,100.84,-0.031037
1/19/2016,101.06,0.002182
1/20/2016,100.75,-0.003067
1/21/2016,100.85,0.000993
1/22/2016,103.77,0.028954
1/25/2016,102.23,-0.01484
1/26/2016,103.15,0.008999
1/27/2016,100.58,-0.024915
1/28/2016,102,0.014118
1/29/2016,104.13,0.020882
2/1/2016,104.41,0.002689
2/2/2016,102.15,-0.021645
2/3/2016,101.66,-0.004797
2/4/2016,101.65,-0.000098
2/5/2016,98.12,-0.034727
2/8/2016,96.62,-0.015287
2/9/2016,96.32,-0.003105
2/10/2016,96.69,0.003841
2/11/2016,96.55,-0.001448
2/12/2016,98.02,0.015225
2/16/2016,100.23,0.022546
2/17/2016,102.5,0.022648
2/18/2016,101.33,-0.011415
2/19/2016,101.63,0.002961
2/22/2016,103.28,0.016235
2/23/2016,101.58,-0.01646
2/24/2016,102.55,0.009549
2/25/2016,103.56,0.009849
2/26/2016,103.43,-0.001255
2/29/2016,102.5,-0.008992
3/1/2016,105.79,0.032098
3/2/2016,105.83,0.000378
3/3/2016,105.63,-0.00189
3/4/2016,105.67,0.000379
3/7/2016,105.02,-0.006151
3/8/2016,104.15,-0.008284
3/9/2016,104.82,0.006433
3/10/2016,104.66,-0.001526
3/11/2016,106.49,0.017485
3/14/2016,106.67,0.00169
3/15/2016,106.63,-0.000375
3/16/2016,107.58,0.008909
3/17/2016,107.52,-0.000558
3/18/2016,107.37,0.001561
3/21/2016,107.79,0.003912
3/22/2016,108.12,0.003062
3/23/2016,107.23,-0.008232
3/24/2016,107.26,0.00028
3/28/2016,107.11,-0.001398
3/29/2016,108.83,0.016058
3/30/2016,109.36,0.00487
3/31/2016,109.2,-0.001463
4/1/2016,110.36,0.010623
4/4/2016,109.94,-0.003806
4/5/2016,108.88,-0.009642
4/6/2016,110.67,0.01644
4/7/2016,109.08,-0.014367
4/8/2016,109,-0.000733
4/11/2016,108.6,-0.00367
4/12/2016,109.51,0.008379
4/13/2016,110.91,0.012784
4/14/2016,110.92,0.00009
4/15/2016,110.64,-0.002524
4/18/2016,111.23,0.005333
4/19/2016,110.55,-0.006113
4/20/2016,110.64,0.000814
4/21/2016,110.65,0.00009
4/22/2016,108.98,-0.015093
4/25/2016,108.98,0
4/26/2016,108.45,-0.004863
4/27/2016,107.58,-0.008022
4/28/2016,106.28,-0.012084
4/29/2016,105.72,-0.005269
5/2/2016,106.72,0.009459
5/3/2016,105.73,-0.009277
5/4/2016,105.05,-0.006431
5/5/2016,105.02,-0.000286
5/6/2016,105.58,0.005332
5/9/2016,105.88,0.002841
5/10/2016,107.33,0.013695
5/11/2016,106.36,-0.009038
5/12/2016,105.89,-0.004419
5/13/2016,105.5,-0.003683
5/16/2016,106.82,0.012512
5/17/2016,105.48,-0.012544
5/18/2016,105.86,0.003603
5/19/2016,105.31,-0.005196
5/20/2016,106.47,0.011015
5/23/2016,106.33,-0.001315
5/24/2016,108.46,0.020032
5/25/2016,109.24,0.007192
5/26/2016,109.56,0.002929
5/27/2016,110.13,0.005203
5/31/2016,110.34,0.001907
6/1/2016,110.35,0.000091
6/2/2016,110.58,0.002084
6/3/2016,110.06,-0.004703
6/6/2016,110.46,0.003634
6/7/2016,110.18,-0.002535
6/8/2016,110.37,0.001724
6/9/2016,110.19,-0.001631
6/10/2016,108.94,-0.011344
6/13/2016,108.03,-0.008353
6/14/2016,108.03,0
6/15/2016,107.72,-0.00287
6/16/2016,108.04,0.002971
6/17/2016,106.49,-0.011693
6/20/2016,107.16,0.006292
6/21/2016,107.5,0.003173
6/22/2016,107.24,-0.002419
6/23/2016,108.77,0.014267
6/24/2016,104.29,-0.041188
6/27/2016,102.22,-0.019848
6/28/2016,104.46,0.021913
6/29/2016,106.31,0.01771
6/30/2016,107.54,0.01157
7/1/2016,108.08,0.005021
7/5/2016,107.42,-0.006107
7/6/2016,108.3,0.008192
7/7/2016,108.62,0.002955
7/8/2016,110.3,0.015467
7/11/2016,110.93,0.005712
7/12/2016,111.49,0.005048
7/13/2016,111.22,-0.002422
7/14/2016,111.98,0.006833
7/15/2016,111.8,-0.001607
7/18/2016,112.54,0.006619
7/19/2016,112.13,-0.003643
7/20/2016,113.44,0.011683
7/21/2016,113.18,-0.002292
7/22/2016,113.65,0.004153
7/25/2016,113.66,0.000088
7/26/2016,113.79,0.001144
7/27/2016,114.58,0.006943
7/28/2016,114.98,0.003491
7/29/2016,115.23,0.002174
8/1/2016,115.84,0.005294
8/2/2016,114.96,-0.007597
8/3/2016,115.34,0.003305
8/4/2016,115.67,0.002861
8/5/2016,116.78,0.009596
8/8/2016,116.65,-0.001113
8/9/2016,116.92,0.002315
8/10/2016,116.62,-0.002566
8/11/2016,117.12,0.004287
8/12/2016,117.2,0.000683
8/15/2016,117.7,0.004266
8/16/2016,117.05,-0.005522
8/17/2016,117.26,0.001794
8/18/2016,117.29,0.000256
8/19/2016,117.26,-0.000256
8/22/2016,117.35,0.000767
8/23/2016,117.56,0.00179
8/24/2016,116.8,-0.006465
8/25/2016,116.61,-0.001627
8/26/2016,116.78,0.001458
8/29/2016,116.94,0.00137
8/30/2016,116.56,-0.00325
8/31/2016,116.44,-0.001029
9/1/2016,116.74,0.002576
9/2/2016,117.12,0.003255
9/6/2016,117.85,0.006233
9/7/2016,117.92,0.000594
9/8/2016,117.23,-0.005851
9/9/2016,114.28,-0.025164
9/12/2016,116.33,0.017938
9/13/2016,115.29,-0.00894
9/14/2016,115.84,0.004771
9/15/2016,117.64,0.015539
9/16/2016,117.29,-0.000477
9/19/2016,116.78,-0.004348
9/20/2016,117,0.001884
9/21/2016,118.15,0.009829
9/22/2016,119.09,0.007956
9/23/2016,118.33,-0.006382
9/26/2016,117.34,-0.008366
9/27/2016,118.5,0.009886
9/28/2016,118.7,0.001688
9/29/2016,117.84,-0.007245
9/30/2016,118.72,0.007468
10/3/2016,118.55,-0.001432
10/4/2016,118.37,-0.001518
10/5/2016,118.79,0.003548
10/6/2016,118.73,-0.000505
10/7/2016,118.47,-0.00219
10/10/2016,119.22,0.006331
10/11/2016,117.52,-0.014259
10/12/2016,117.42,-0.000851
10/13/2016,117,-0.003577
10/14/2016,117.14,0.001197
10/17/2016,116.82,-0.002732
10/18/2016,117.86,0.008903
10/19/2016,117.85,-0.000085
10/20/2016,117.71,-0.001188
10/21/2016,118.15,0.003738
10/24/2016,119.57,0.012019
10/25/2016,119.19,-0.003178
10/26/2016,118.38,-0.006796
10/27/2016,117.84,-0.004562
10/28/2016,117.1,-0.00628
10/31/2016,116.99,-0.000939
11/1/2016,116.11,-0.007522
11/2/2016,115.18,-0.00801
11/3/2016,114.05,-0.009811
11/4/2016,113.65,-0.003507
11/7/2016,116.35,0.023757
11/8/2016,117.11,0.006532
11/9/2016,117.65,0.004611
11/10/2016,115.75,-0.01615
11/11/2016,115.8,0.000432
11/14/2016,114.63,-0.010104
11/15/2016,116.22,0.013871
11/16/2016,116.91,0.005937
11/17/2016,117.76,0.007271
11/18/2016,117.32,-0.003736
11/21/2016,118.54,0.010399
11/22/2016,118.9,0.003037
11/23/2016,118.42,-0.004037
11/25/2016,118.8,0.003209
11/28/2016,118.53,-0.002273
11/29/2016,118.94,0.003459
11/30/2016,117.5,-0.012107
12/1/2016,115.47,-0.017277
12/2/2016,115.7,0.001992
12/5/2016,116.6,0.007779
12/6/2016,116.88,0.002401
12/7/2016,118.36,0.012663
12/8/2016,118.57,0.001774
12/9/2016,119.5,0.007843
12/12/2016,118.96,-0.004519
12/13/2016,120.46,0.012609
12/14/2016,120.21,-0.002075
12/15/2016,120.4,0.001581
12/16/2016,119.6,-0.003697
12/19/2016,120.09,0.004097
12/20/2016,120.55,0.003831
12/21/2016,120.46,-0.000747
12/22/2016,120.12,-0.002822
12/23/2016,120.2,0.000666
12/27/2016,120.82,0.005158
12/28/2016,119.88,-0.00778
12/29/2016,119.71,-0.001418
12/30/2016,118.48,-0.010275
1/3/2017,119.54,0.008947
1/4/2017,120.19,0.005438
1/5/2017,120.87,0.005658
1/6/2017,121.93,0.00877
1/9/2017,122.33,0.003281
1/10/2017,122.6,0.002207
1/11/2017,122.93,0.002692
1/12/2017,122.74,-0.001546
1/13/2017,123.16,0.003422
1/17/2017,122.79,-0.003004
1/18/2017,123.04,0.002036
1/19/2017,122.98,-0.000488
1/20/2017,123.25,0.002195
1/23/2017,123.35,0.000811
1/24/2017,124.18,0.006729
1/25/2017,125.43,0.010066
1/26/2017,125.56,0.001036
1/27/2017,125.8,0.001911
1/30/2017,124.82,-0.00779
1/31/2017,124.57,-0.002003
2/1/2017,125.43,0.006904
2/2/2017,125.32,-0.000877
2/3/2017,125.68,0.002873
2/6/2017,125.83,0.001194
2/7/2017,126.29,0.003656
2/8/2017,126.5,0.001663
2/9/2017,126.96,0.003636
2/10/2017,127.38,0.003308
2/13/2017,128.10001,0.005652
2/14/2017,128.53,0.003357
2/15/2017,129.28999,0.005913
2/16/2017,129.25,-0.000309
2/17/2017,129.81,0.004333
2/21/2017,130.45,0.00493
2/22/2017,130.5,0.000383
2/23/2017,130.00999,-0.003755
2/24/2017,130.25999,0.001923
2/27/2017,130.42,0.001228
2/28/2017,130.02,-0.003067
3/1/2017,131.44,0.010921
3/2/2017,130.78,-0.005021
3/3/2017,131.02,0.001835
3/6/2017,130.73,-0.002213
3/7/2017,130.50999,-0.001683
3/8/2017,130.74001,0.001762
3/9/2017,130.84,0.000765
3/10/2017,131.39,0.004204
3/13/2017,131.61,0.001674
3/14/2017,131.28999,-0.002431
3/15/2017,132.10001,0.00617
3/16/2017,132.00999,-0.000681
3/17/2017,131.69,-0.000347
3/20/2017,131.81,0.000911
3/21/2017,129.81,-0.015173
3/22/2017,130.69,0.006779
3/23/2017,130.36,-0.002525
3/24/2017,130.63,0.002071
3/27/2017,130.84,0.001608
3/28/2017,131.64,0.006114
3/29/2017,132.25,0.004634
3/30/2017,132.47,0.001664
3/31/2017,132.38,-0.000679
4/3/2017,132.3,-0.000604
4/4/2017,132.50999,0.001587
4/5/2017,131.97,-0.004075
4/6/2017,132.03999,0.00053
4/7/2017,131.97,-0.00053
4/10/2017,132.02,0.000379
4/11/2017,131.45,-0.004318
4/12/2017,130.92,-0.004032
4/13/2017,130.39999,-0.003972
4/17/2017,131.48,0.008282
4/18/2017,131.28,-0.001521
4/19/2017,131.49001,0.0016
4/20/2017,132.59,0.008366
4/21/2017,132.56,-0.000226
4/24/2017,134.16,0.01207
4/25/2017,135.13,0.00723
4/26/2017,134.94,-0.001406
4/27/2017,135.75,0.006003
4/28/2017,135.99001,0.001768
5/1/2017,137.2,0.008898
5/2/2017,137.42999,0.001676
5/3/2017,136.99001,-0.003202
5/4/2017,137.03999,0.000365
5/5/2017,137.53999,0.003649
5/8/2017,137.84,0.002181
5/9/2017,138.32001,0.003482
5/10/2017,138.39999,0.000578
5/11/2017,138.28999,-0.000795
5/12/2017,138.60001,0.002242
5/15/2017,139.03999,0.003175
5/16/2017,139.62,0.004171
5/17/2017,136.07001,-0.025426
5/18/2017,137.25999,0.008745
5/19/2017,137.84,0.004226
5/22/2017,139,0.008416
5/23/2017,139.14,0.001007
5/24/2017,139.78,0.0046
5/25/2017,140.97,0.008513
5/26/2017,141.22,0.001773
5/30/2017,141.34,0.00085
5/31/2017,141.28999,-0.000354
6/1/2017,141.84,0.003893
6/2/2017,143.46001,0.011421
6/5/2017,143.42999,-0.000209
6/6/2017,142.86,-0.003974
6/7/2017,143.42,0.00392
6/8/2017,143.57001,0.001046
6/9/2017,139.98,-0.025005
6/12/2017,139.23,-0.005358
6/13/2017,140.36,0.008116
6/14/2017,139.75,-0.004346
6/15/2017,139.13,-0.004436
6/16/2017,138.14999,-0.004324
6/19/2017,140.46001,0.016721
6/20/2017,139.36,-0.007831
6/21/2017,140.74001,0.009902
6/22/2017,140.7,-0.000284
6/23/2017,141.24001,0.003838
6/26/2017,140.58,-0.004673
6/27/2017,138.03,-0.018139
6/28/2017,140.02,0.014417
6/29/2017,137.59,-0.017355
6/30/2017,137.64,0.000363
7/3/2017,136.19,-0.010535
7/5/2017,137.53,0.009839
7/6/2017,136.28999,-0.009016
7/7/2017,137.75999,0.010786
7/10/2017,138.66,0.006533
7/11/2017,139.05,0.002813
7/12/2017,140.7,0.011866
7/13/2017,141.00999,0.002203
7/14/2017,142.12,0.007872
7/17/2017,142.19,0.000493
7/18/2017,143.14,0.006681
7/19/2017,143.98,0.005868
7/20/2017,144.17,0.00132
7/21/2017,144.11,-0.000416
7/24/2017,144.77,0.00458
7/25/2017,144.39999,-0.002556
7/26/2017,144.87,0.003255
7/27/2017,143.96001,-0.006281
7/28/2017,143.84,-0.000834
7/31/2017,143.23,-0.004241
8/1/2017,143.56,0.002304
8/2/2017,143.95,0.002717
8/3/2017,143.39,-0.00389
8/4/2017,143.64999,0.001813
8/7/2017,144.56,0.006335
8/8/2017,144.31,-0.001729
8/9/2017,144.12,-0.001317
8/10/2017,141.03,-0.02144
8/11/2017,142.10001,0.007587
8/14/2017,143.92999,0.012878
8/15/2017,144.03,0.000695
8/16/2017,144.28,0.001736
8/17/2017,141.33,-0.020446
8/18/2017,141.23,-0.000708
8/21/2017,141.05,-0.001274
8/22/2017,143.2,0.015243
8/23/2017,142.69,-0.003561
8/24/2017,142.27,-0.002943
8/25/2017,141.97,-0.002109
8/28/2017,142.41,0.003099
8/29/2017,142.97,0.003932
8/30/2017,144.64999,0.011751
8/31/2017,146.2,0.010716
9/1/2017,146,-0.001368
9/5/2017,144.69,-0.008973
9/6/2017,145.13,0.003041
9/7/2017,145.47,0.002343
9/8/2017,144.21001,-0.008662
9/11/2017,145.87,0.011511
9/12/2017,146.22,0.002399
9/13/2017,146.42,0.001368
9/14/2017,145.56,-0.005874
9/15/2017,146.06,0.003435
9/18/2017,145.55,-0.001305
9/19/2017,145.8,0.001718
9/20/2017,145.35001,-0.003086
9/21/2017,144.46001,-0.006123
9/22/2017,144.32001,-0.000969
9/25/2017,142.8,-0.010532
9/26/2017,143.17,0.002591
9/27/2017,144.46001,0.00901
9/28/2017,144.41,-0.000346
9/29/2017,145.45,0.007202
10/2/2017,145.58,0.000894
10/3/2017,145.89,0.002129
10/4/2017,146.03,0.00096
10/5/2017,147.46001,0.009793
10/6/2017,147.66,0.001356
10/9/2017,147.49001,-0.001151
10/10/2017,147.60001,0.000746
10/11/2017,148.03999,0.002981
10/12/2017,147.77,-0.001824
10/13/2017,148.34,0.003857
10/16/2017,148.85001,0.003438
10/17/2017,149.03999,0.001276
10/18/2017,148.86,-0.001208
10/19/2017,148.31,-0.003695
10/20/2017,148.71001,0.002697
10/23/2017,147.74001,-0.006523
10/24/2017,147.99001,0.001692
10/25/2017,147.42999,-0.003784
10/26/2017,146.96001,-0.003188
10/27/2017,151.24001,0.029124
10/30/2017,151.58,0.002248
10/31/2017,152.14999,0.00376
11/1/2017,152.10001,-0.000329
11/2/2017,151.81,-0.001907
11/3/2017,153.27,0.009617
11/6/2017,153.78999,0.003393
11/7/2017,153.88,0.000585
11/8/2017,154.5,0.004029
11/9/2017,153.69,-0.005243
11/10/2017,153.67999,-0.000065
11/13/2017,153.87,0.001236
11/14/2017,153.31,-0.003639
11/15/2017,152.59,-0.004696
11/16/2017,154.53999,0.012779
11/17/2017,153.95,-0.003818
11/20/2017,153.83,-0.000779
11/21/2017,155.5,0.010856
11/22/2017,155.69,0.001222
11/24/2017,156.25999,0.003661
11/27/2017,156.19,-0.000448
11/28/2017,156.59,0.002561
11/29/2017,153.86,-0.017434
11/30/2017,155.14999,0.008384
12/1/2017,154.49001,-0.004254
12/4/2017,152.71001,-0.011522
12/5/2017,152.81,0.000655
12/6/2017,153.5,0.004515
12/7/2017,154.02,0.003388
12/8/2017,154.7,0.004415
12/11/2017,155.89999,0.007757
12/12/2017,155.69,-0.001347
12/13/2017,155.99001,0.001927
12/14/2017,155.88,-0.000705
12/15/2017,157.64999,0.011355
12/18/2017,158.64,0.008369
12/19/2017,157.7,-0.005925
12/20/2017,157.53,-0.001078
12/21/2017,157.55,0.000127
12/22/2017,157.37,-0.001143
12/26/2017,156.52,-0.005401
12/27/2017,156.53999,0.000128
12/28/2017,156.73,0.001214
12/29/2017,155.75999,-0.006189
1/2/2018,158.49001,0.017527
1/3/2018,160.03,0.009717
1/4/2018,160.31,0.00175
1/5/2018,161.92,0.010043
1/8/2018,162.55,0.003891
1/9/2018,162.56,0.000061
1/10/2018,162.17999,-0.002338
1/11/2018,163.28999,0.006844
1/12/2018,164.49001,0.007349
1/16/2018,164.02,-0.002857
1/17/2018,165.78999,0.010791
1/18/2018,165.82001,0.000181
1/19/2018,166.34,0.003136
1/22/2018,168.12,0.010701
1/23/2018,169.50999,0.008268
1/24/2018,168.41,-0.006489
1/25/2018,168.35001,-0.000356
1/26/2018,170.92999,0.015325
1/29/2018,170.10001,-0.004856
1/30/2018,168.7,-0.008231
1/31/2018,169.39999,0.004149
2/1/2018,167.96001,-0.008501
2/2/2018,164.61,-0.019945
2/5/2018,158.12,-0.039427
2/6/2018,162.31,0.026499
2/7/2018,160.21001,-0.012938
2/8/2018,153.45,-0.042195
2/9/2018,156.10001,0.01727
2/12/2018,158.87,0.017745
2/13/2018,159.69,0.005161
2/14/2018,162.67999,0.018724
2/15/2018,165.7,0.018564
2/16/2018,164.96001,-0.004466
2/20/2018,165.28999,0.002
2/21/2018,164.82001,-0.002843
2/22/2018,164.8,-0.000121
2/23/2018,168.17,0.020449
2/26/2018,170.39999,0.01326
2/27/2018,168.28999,-0.012383
2/28/2018,167.21001,-0.006417
3/1/2018,164.48,-0.016327
3/2/2018,165.99001,0.009181
3/5/2018,167.83,0.011085
3/6/2018,168.53999,0.00423
3/7/2018,168.92999,0.002314
3/8/2018,169.86,0.005505
3/9/2018,173.16,0.019428
3/12/2018,174.08,0.005313
3/13/2018,171.71001,-0.013614
3/14/2018,171.67999,-0.000175
3/15/2018,171.53,-0.000874
3/16/2018,171.02,-0.002973
3/19/2018,167.10001,-0.021304
3/20/2018,167.64999,0.003291
3/21/2018,166.92,-0.004354
3/22/2018,162.8,-0.024682
3/23/2018,158.50999,-0.026351
3/26/2018,164.39999,0.037159
3/27/2018,159.08,-0.03236
3/28/2018,157.25,-0.011504
3/29/2018,160.13,0.018315
4/2/2018,155.50999,-0.028852
4/3/2018,157.25999,0.011253
4/4/2018,159.74001,0.01577
4/5/2018,160.64999,0.005697
4/6/2018,156.63,-0.025023
4/9/2018,157.73,0.007023
4/10/2018,161.21001,0.022063
4/11/2018,160.28,-0.005769
4/12/2018,162.21001,0.012041
4/13/2018,161.37,-0.005179
4/16/2018,162.60001,0.007622
4/17/2018,166.10001,0.021525
4/18/2018,166.44,0.002047
4/19/2018,164.91,-0.009192
4/20/2018,162.3,-0.015827
4/23/2018,161.89,-0.002526
4/24/2018,158.46001,-0.021187
4/25/2018,158.64999,0.001199
4/26/2018,161.99001,0.021053
4/27/2018,162.09,0.000617
4/30/2018,160.94,-0.007095
5/1/2018,162.78,0.011433
5/2/2018,161.82001,-0.005897
5/3/2018,161.8,-0.000124
5/4/2018,164.87,0.018974
5/7/2018,166.24001,0.00831
5/8/2018,166.07001,-0.001023
5/9/2018,167.88,0.010899
5/10/2018,169.62,0.010364
5/11/2018,169.46001,-0.000943
5/14/2018,169.75,0.001711
5/15/2018,167.87,-0.011075
5/16/2018,168.98,0.006612
5/17/2018,168.33,-0.003847
5/18/2018,167.46001,-0.005168
5/21/2018,168.39999,0.005613
5/22/2018,168.17999,-0.001306
5/23/2018,169.60001,0.008443
5/24/2018,169.55,-0.000295
5/25/2018,169.72,0.001003
5/29/2018,168.97,-0.004419
5/30/2018,170.17999,0.007161
5/31/2018,170.07001,-0.000646
6/1/2018,172.74001,0.015699
6/4/2018,174.3,0.009031
6/5/2018,174.84,0.003098
6/6/2018,175.86,0.005834
6/7/2018,174.42999,-0.008132
6/8/2018,174.44,0.000057
6/11/2018,174.91,0.002694
6/12/2018,175.83,0.00526
6/13/2018,175.82001,-0.000057
6/14/2018,177.60001,0.010124
6/15/2018,176.98,-0.003491
6/18/2018,176.5,-0.000574
6/19/2018,176,-0.002833
6/20/2018,177.25,0.007102
6/21/2018,175.71001,-0.008688
6/22/2018,175.32001,-0.00222
6/25/2018,171.37,-0.02253
6/26/2018,172.07001,0.004085
6/27/2018,169.73,-0.013599
6/28/2018,171.19,0.008602
6/29/2018,171.64999,0.002687
7/2/2018,172.8,0.0067
7/3/2018,170.8,-0.011574
7/5/2018,172.92,0.012412
7/6/2018,175.61,0.015556
7/9/2018,177.19,0.008997
7/10/2018,177.32001,0.000734
7/11/2018,176.42,-0.005076
7/12/2018,179.46001,0.017232
7/13/2018,179.61,0.000836
7/16/2018,179.17999,-0.002394
7/17/2018,180.27,0.006083
7/18/2018,179.92999,-0.001886
7/19/2018,179.03,-0.005002
7/20/2018,178.99001,-0.000223
7/23/2018,179.56,0.003184
7/24/2018,180.3,0.004121
7/25/2018,182.82001,0.013977
7/26/2018,180.05,-0.015152
7/27/2018,177.62,-0.013496
7/30/2018,175.11,-0.014131
7/31/2018,176.45,0.007652
8/1/2018,177.12,0.003797
8/2/2018,179.53,0.013607
8/3/2018,180.08,0.003064
8/6/2018,181.14,0.005886
8/7/2018,181.8,0.003644
8/8/2018,182.02,0.00121
8/9/2018,181.91,-0.000604
8/10/2018,180.52,-0.007641
8/13/2018,180.32001,-0.001108
8/14/2018,181.45,0.006267
8/15/2018,179.23,-0.012235
8/16/2018,179.82001,0.003292
8/17/2018,179.86,0.000222
8/20/2018,179.7,-0.00089
8/21/2018,180.36,0.003673
8/22/2018,181.06,0.003881
8/23/2018,180.8,-0.001436
8/24/2018,182.48,0.009292
8/27/2018,184.34,0.010193
8/28/2018,184.61,0.001465
8/29/2018,186.74001,0.011538
8/30/2018,186.41,-0.001767
8/31/2018,186.64999,0.001287
9/4/2018,185.85001,-0.004286
9/5/2018,183.45,-0.012914
9/6/2018,181.81,-0.00894
9/7/2018,181.11,-0.00385
9/10/2018,181.72,0.003368
9/11/2018,183.12,0.007704
9/12/2018,182.58,-0.002949
9/13/2018,184.53,0.01068
9/14/2018,183.99001,-0.002926
9/17/2018,181.34,-0.014403
9/18/2018,182.84,0.008272
9/19/2018,182.7,-0.000766
9/20/2018,184.72,0.011056
9/21/2018,183.71001,-0.005468
9/24/2018,183.89,0.002775
9/25/2018,184.14,0.00136
9/26/2018,184.27,0.000706
9/27/2018,185.83,0.008466
9/28/2018,185.78999,-0.000215
10/1/2018,186.17,0.002045
10/2/2018,185.75,-0.002256
10/3/2018,185.95,0.001077
10/4/2018,182.38,-0.019199
10/5/2018,180.14999,-0.012227
10/8/2018,179.05,-0.006106
10/9/2018,179.63,0.003239
10/10/2018,171.73,-0.043979
10/11/2018,169.60001,-0.012403
10/12/2018,174.32001,0.02783
10/15/2018,172.21001,-0.012104
10/16/2018,177.22,0.029092
10/17/2018,177.28999,0.000395
10/18/2018,173.17999,-0.023182
10/19/2018,173.02,-0.000924
10/22/2018,173.91,0.005144
10/23/2018,173.27,-0.00368
10/24/2018,165.34,-0.045767
10/25/2018,171.06,0.034595
10/26/2018,166.66,-0.025722
10/29/2018,163.23,-0.020581
10/30/2018,165.92,0.01648
10/31/2018,169.82001,0.023505
11/1/2018,172.06,0.01319
11/2/2018,169.38,-0.015576
11/5/2018,168.96001,-0.00248
11/6/2018,170.24001,0.007576
11/7/2018,175.58,0.031367
11/8/2018,174.46001,-0.006379
11/9/2018,171.52,-0.016852
11/12/2018,166.33,-0.030259
11/13/2018,166.47,0.000842
11/14/2018,165.2,-0.007629
11/15/2018,168.09,0.017494
11/16/2018,167.5,-0.00351
11/19/2018,162.06,-0.032478
11/20/2018,159.16,-0.017895
11/21/2018,160.37,0.007602
11/23/2018,159.21001,-0.007233
11/26/2018,162.89,0.023114
11/27/2018,163.44,0.003377
11/28/2018,168.7,0.032183
11/29/2018,168.14999,-0.00326
11/30/2018,169.37,0.007255
12/3/2018,172.33,0.017477
12/4/2018,165.72,-0.038357
12/6/2018,166.89,0.00706
12/7/2018,161.38,-0.033016
12/10/2018,163.07001,0.010472
12/11/2018,163.61,0.003311
12/12/2018,165.05,0.008801
12/13/2018,165.10001,0.000303
12/14/2018,161.08,-0.024349
12/17/2018,157.42999,-0.02266
12/18/2018,158.42,0.006289
12/19/2018,154.53,-0.024555
12/20/2018,152.28999,-0.014496
12/21/2018,147.57001,-0.030993
12/24/2018,143.5,-0.02473
12/26/2018,152.46001,0.062439
12/27/2018,153.05,0.00387
12/28/2018,152.97,-0.000523
12/31/2018,154.25999,0.008433
1/2/2019,154.88,0.004019
1/3/2019,149.82001,-0.03267
1/4/2019,156.23,0.042785
1/7/2019,158.09,0.011906
1/8/2019,159.52,0.009046
1/9/2019,160.82001,0.008149
1/10/2019,161.28,0.00286
1/11/2019,160.69,-0.003658
1/14/2019,159.27,-0.008837
1/15/2019,162.38,0.019527
1/16/2019,162.35001,-0.000185
1/17/2019,163.63,0.007884
1/18/2019,165.25,0.0099
1/22/2019,161.94,-0.02003
1/23/2019,162.14999,0.001297
1/24/2019,163.2,0.006476
1/25/2019,165.14999,0.011949
1/28/2019,163.11,-0.012352
1/29/2019,161.57001,-0.009441
1/30/2019,165.67999,0.025438
1/31/2019,168.16,0.014969
2/1/2019,167.45,-0.004222
2/4/2019,169.53,0.012422
2/5/2019,171.03,0.008848
2/6/2019,170.52,-0.002982
2/7/2019,168.23,-0.01343
2/8/2019,168.56,0.001962
2/11/2019,168.39999,-0.000949
2/12/2019,170.89,0.014786
2/13/2019,171.00999,0.000702
2/14/2019,171.22,0.001228
2/15/2019,171.94,0.004205
2/19/2019,172.28,0.001977
2/20/2019,172.25,-0.000174
2/21/2019,171.62,-0.003658
2/22/2019,172.89,0.0074
2/25/2019,173.52,0.003644
2/26/2019,173.7,0.001037
2/27/2019,173.59,-0.000633
2/28/2019,173.19,-0.002304
3/1/2019,174.39,0.006929
3/4/2019,174.42,0.000172
3/5/2019,174.55,0.000745
3/6/2019,173.56,-0.005672
3/7/2019,171.42999,-0.012272
3/8/2019,171.17,-0.001517
3/11/2019,174.73,0.020798
3/12/2019,175.69,0.005494
3/13/2019,177.00999,0.007513
3/14/2019,176.71001,-0.001695
3/15/2019,178.35001,0.009281
3/18/2019,178.45,0.002378
3/19/2019,179.05,0.003362
3/20/2019,179.75999,0.003965
3/21/2019,182.57001,0.015632
3/22/2019,178.56,-0.021964
3/25/2019,178.22,-0.001904
3/26/2019,179.05,0.004657
3/27/2019,177.89999,-0.006423
3/28/2019,178.31,0.002305
3/29/2019,179.66,0.007571
4/1/2019,182.03999,0.013247
4/2/2019,182.73,0.00379
4/3/2019,183.78,0.005746
4/4/2019,183.71001,-0.000381
4/5/2019,184.66,0.005171
4/8/2019,185.13,0.002545
4/9/2019,184.48,-0.003511
4/10/2019,185.47,0.005366
4/11/2019,185.03,-0.002372
4/12/2019,185.83,0.004324
4/15/2019,185.86,0.000161
4/16/2019,186.5,0.003443
4/17/2019,187.14999,0.003485
4/18/2019,187.39,0.001282
4/22/2019,187.92,0.002828
4/23/2019,190.31,0.012718
4/24/2019,189.71001,-0.003153
4/25/2019,190.48,0.004059
4/26/2019,190.64999,0.000892
4/29/2019,191.02,0.001941
4/30/2019,189.53999,-0.007748
5/1/2019,188.92999,-0.003218
5/2/2019,188.11,-0.00434
5/3/2019,191.11,0.015948
5/6/2019,189.94,-0.006122
5/7/2019,186.24001,-0.01948
5/8/2019,185.77,-0.002524
5/9/2019,184.77,-0.005383
5/10/2019,185,0.001245
5/13/2019,178.58,-0.034703
5/14/2019,180.53999,0.010975
5/15/2019,183.09,0.014124
5/16/2019,184.92999,0.01005
5/17/2019,183.03999,-0.01022
5/20/2019,179.95,-0.016882
5/21/2019,181.83,0.010447
5/22/2019,181.02,-0.004455
5/23/2019,178.25,-0.015302
5/24/2019,178.16,-0.000505
5/28/2019,177.49001,-0.003761
5/29/2019,176.03,-0.008226
5/30/2019,176.77,0.004204
5/31/2019,173.95,-0.015953
6/3/2019,170.12,-0.022018
6/4/2019,174.91,0.028157
6/5/2019,176.21001,0.007432
6/6/2019,177.61,0.007945
6/7/2019,181.03999,0.019312
6/10/2019,183.14999,0.011655
6/11/2019,183.39999,0.001365
6/12/2019,182.34,-0.00578
6/13/2019,183.42,0.005923
6/14/2019,182.64,-0.004253
6/17/2019,183.74001,0.006023
6/18/2019,186.41,0.014531
6/19/2019,187.11,0.003755
6/20/2019,188.85001,0.009299
6/21/2019,188.57001,-0.001483
6/24/2019,188.16,0.00003
6/25/2019,184.92999,-0.017166
6/26/2019,185.78999,0.00465
6/27/2019,186.5,0.003822
6/28/2019,186.74001,0.001287
7/1/2019,189.25999,0.013495
7/2/2019,190.00999,0.003963
7/3/2019,191.44,0.007526
7/5/2019,191.05,-0.002037
7/8/2019,189.71001,-0.007014
7/9/2019,190.66,0.005008
7/10/2019,192.56,0.009965
7/11/2019,192.42,-0.000727
7/12/2019,193.53,0.005769
7/15/2019,194.14999,0.003204
7/16/2019,193.14999,-0.005151
7/17/2019,192.2,-0.004918
7/18/2019,192.42,0.001145
7/19/2019,191.00999,-0.007328
7/22/2019,192.53,0.007958
7/23/2019,193.78999,0.006544
7/24/2019,195.14999,0.007018
7/25/2019,193.3,-0.00948
7/26/2019,195.28999,0.010295
7/29/2019,194.62,-0.003431
7/30/2019,193.78,-0.004316
7/31/2019,191.10001,-0.01383
8/1/2019,190.14999,-0.004971
8/2/2019,187.35001,-0.014725
8/5/2019,180.73,-0.035335
8/6/2019,183.25999,0.013999
8/7/2019,184.25,0.005402
8/8/2019,188.25999,0.021764
8/9/2019,186.49001,-0.009402
8/12/2019,184.35001,-0.011475
8/13/2019,188.39,0.021915
8/14/2019,182.75999,-0.029885
8/15/2019,182.55,-0.001149
8/16/2019,185.48,0.01605
8/19/2019,188.42999,0.015905
8/20/2019,186.97,-0.007748
8/21/2019,188.63,0.008878
8/22/2019,188.02,-0.003234
8/23/2019,182.07001,-0.031646
8/26/2019,184.82001,0.015104
8/27/2019,184.42999,-0.00211
8/28/2019,185.09,0.003579
8/29/2019,187.92,0.01529
8/30/2019,187.47,-0.002395
9/3/2019,185.64999,-0.009708
9/4/2019,188.33,0.014436
9/5/2019,191.78,0.018319
9/6/2019,191.59,-0.000991
9/9/2019,191.19,-0.002088
9/10/2019,190.64,-0.002877
9/11/2019,192.42999,0.009389
9/12/2019,193.23,0.004157
9/13/2019,192.53999,-0.003571
9/16/2019,191.67999,-0.004467
9/17/2019,192.60001,0.0048
9/18/2019,192.52,-0.000415
9/19/2019,192.84,0.001662
9/20/2019,190.8,-0.010579
9/23/2019,190.5,0.000441
9/24/2019,187.97,-0.013281
9/25/2019,190.08,0.011225
9/26/2019,189.38,-0.003683
9/27/2019,187.03,-0.012409
9/30/2019,188.81,0.009517
10/1/2019,187.27,-0.008156
10/2/2019,184.05,-0.017194
10/3/2019,186.07001,0.010975
10/4/2019,188.81,0.014726
10/7/2019,188.24001,-0.003019
10/8/2019,185.42,-0.014981
10/9/2019,187.23,0.009762
10/10/2019,188.67999,0.007744
10/11/2019,191.11,0.012879
10/14/2019,191.09,-0.000105
10/15/2019,193.52,0.012717
10/16/2019,193.03999,-0.00248
10/17/2019,193.55,0.002642
10/18/2019,191.69,-0.00961
10/21/2019,193.39,0.008868
10/22/2019,191.85001,-0.007963
10/23/2019,192.22,0.001929
10/24/2019,194.09,0.009728
10/25/2019,195.64,0.007986
10/28/2019,197.57001,0.009865
10/29/2019,196.03999,-0.007744
10/30/2019,196.99001,0.004846
10/31/2019,197.08,0.000457
11/1/2019,198.87,0.009083
11/4/2019,200.10001,0.006185
11/5/2019,200.21001,0.00055
11/6/2019,199.75999,-0.002248
11/7/2019,200.42999,0.003354
11/8/2019,201.23,0.003991
11/11/2019,200.96001,-0.001342
11/12/2019,201.53999,0.002886
11/13/2019,201.59,0.000248
11/14/2019,201.42999,-0.000794
11/15/2019,202.91,0.007348
11/18/2019,203.07001,0.000789
11/19/2019,203.37,0.001477
11/20/2019,202.14999,-0.005999
11/21/2019,201.7,-0.002226
11/22/2019,201.83,0.000645
11/25/2019,204.22,0.011842
11/26/2019,204.61,0.00191
11/27/2019,206.03999,0.006989
11/29/2019,205.10001,-0.004562
12/2/2019,203,-0.010239
12/3/2019,201.41,-0.007832
12/4/2019,202.42999,0.005064
12/5/2019,202.83,0.001976
12/6/2019,205,0.010699
12/9/2019,204.07001,-0.004537
12/10/2019,203.89999,-0.000833
12/11/2019,204.98,0.005297
12/12/2019,206.50999,0.007464
12/13/2019,207.19,0.003293
12/16/2019,209.27,0.010039
12/17/2019,209.39,0.000573
12/18/2019,209.55,0.000764
12/19/2019,210.86,0.006251
12/20/2019,211.71001,0.004031
12/23/2019,211.81,0.002634
12/24/2019,211.92,0.000519
12/26/2019,213.78999,0.008824
12/27/2019,213.61,-0.000842
12/30/2019,212.21001,-0.006554
12/31/2019,212.61,0.001885
1/2/2020,216.16,0.016697
1/3/2020,214.17999,-0.00916
1/6/2020,215.56,0.006443
1/7/2020,215.53,-0.000139
1/8/2020,217.14999,0.007516
1/9/2020,218.99001,0.008473
1/10/2020,218.42999,-0.002557
1/13/2020,220.95,0.011537
1/14/2020,220.08,-0.003938
1/15/2020,220.17,0.000409
1/16/2020,222.28,0.009584
1/17/2020,223.38,0.004949
1/21/2020,223.28,-0.000448
1/22/2020,223.87,0.002642
1/23/2020,224.59,0.003216
1/24/2020,222.7,-0.008415
1/27/2020,218.10001,-0.020656
1/28/2020,221.45,0.01536
1/29/2020,221.81,0.001626
1/30/2020,222.60001,0.003562
1/31/2020,219.07001,-0.015858
2/3/2020,222.38,0.015109
2/4/2020,227.47,0.022889
2/5/2020,228.22,0.003297
2/6/2020,230.19,0.008632
2/7/2020,229.2,-0.004301
2/10/2020,231.97,0.012086
2/11/2020,232.00999,0.000172
2/12/2020,234.27,0.009741
2/13/2020,233.97,-0.001281
2/14/2020,234.64,0.002864
2/18/2020,234.73,0.000384
2/19/2020,236.98,0.009585
2/20/2020,234.78,-0.009283
2/21/2020,230.27,-0.019209
2/24/2020,221.39,-0.038563
2/25/2020,215.37,-0.027192
2/26/2020,216.48,0.005154
2/27/2020,205.64,-0.050074
2/28/2020,205.8,0.000778
3/2/2020,216.42,0.051603
3/3/2020,209.48,-0.032067
3/4/2020,218.22,0.041722
3/5/2020,211.59,-0.030382
3/6/2020,208.02,-0.016872
3/9/2020,193.57001,-0.069464
3/10/2020,204.11,0.054451
3/11/2020,195.22,-0.043555
3/12/2020,177.32001,-0.091691
3/13/2020,192.34,0.084706
3/16/2020,169.3,-0.119788
3/17/2020,182.14,0.075842
3/18/2020,176.60001,-0.030416
3/19/2020,177.66,0.006002
3/20/2020,170.7,-0.039176
3/23/2020,170.46001,0.000719
3/24/2020,183.66,0.077437
3/25/2020,182.3,-0.007405
3/26/2020,191.89999,0.05266
3/27/2020,185.3,-0.034393
3/30/2020,192.03999,0.036373
3/31/2020,190.39999,-0.00854
4/1/2020,182.31,-0.042489
4/2/2020,186.00999,0.020295
4/3/2020,183.37,-0.014193
4/6/2020,196.48,0.071495
4/7/2020,196.39999,-0.000407
4/8/2020,200.57001,0.021232
4/9/2020,200.86,0.001446
4/13/2020,203.03,0.010804
4/14/2020,211.86,0.043491
4/15/2020,209.42999,-0.01147
4/16/2020,213.25,0.01824
4/17/2020,215.28999,0.009566
4/20/2020,212.74001,-0.011844
4/21/2020,204.89,-0.0369
4/22/2020,210.97,0.029674
4/23/2020,210.52,-0.002133
4/24/2020,213.84,0.01577
4/27/2020,215.56,0.008043
4/28/2020,211.5,-0.018835
4/29/2020,219,0.035461
4/30/2020,218.91,-0.000411
5/1/2020,212.74001,-0.028185
5/4/2020,215.22,0.011657
5/5/2020,217.66,0.011337
5/6/2020,219,0.006156
5/7/2020,221.82001,0.012877
5/8/2020,224.86,0.013705
5/11/2020,226.87,0.008939
5/12/2020,222.12,-0.020937
5/13/2020,219.34,-0.012516
5/14/2020,221.83,0.011352
5/15/2020,223.27,0.006491
5/18/2020,227.42999,0.018632
5/19/2020,226.86,-0.002506
5/20/2020,231.39,0.019968
5/21/2020,228.87,-0.010891
5/22/2020,229.66,0.003452
5/26/2020,229.03999,-0.0027
5/27/2020,230.28999,0.005458
5/28/2020,229.99001,-0.001303
5/29/2020,233.36,0.014653
6/1/2020,234.06,0.003
6/2/2020,235.63,0.006708
6/3/2020,236.69,0.004499
6/4/2020,235.03,-0.007013
6/5/2020,239.69,0.019827
6/8/2020,241.55,0.00776
6/9/2020,243.3,0.007245
6/10/2020,246.22,0.012002
6/11/2020,234.02,-0.049549
6/12/2020,235.88,0.007948
6/15/2020,238.75,0.012167
6/16/2020,242.85001,0.017173
6/17/2020,243.62,0.003171
6/18/2020,244.28,0.002709
6/19/2020,244.24001,-0.000164
6/22/2020,246.74001,0.011973
6/23/2020,248.84,0.008511
6/24/2020,243.71001,-0.020616
6/25/2020,246.03,0.009519
6/26/2020,240.22,-0.023615
6/29/2020,242.84,0.010907
6/30/2020,247.60001,0.019601
7/1/2020,250.49001,0.011672
7/2/2020,252.19,0.006787
7/6/2020,258.39001,0.024585
7/7/2020,256.60999,-0.006889
7/8/2020,259.98999,0.013172
7/9/2020,262.17999,0.008423
7/10/2020,263.97,0.006827
7/13/2020,258.54001,-0.02057
7/14/2020,260.37,0.007078
7/15/2020,260.89999,0.002036
7/16/2020,259.12,-0.006823
7/17/2020,259.42001,0.001158
7/20/2020,266.78,0.028371
7/21/2020,264,-0.010421
7/22/2020,264.92999,0.003523
7/23/2020,258.01001,-0.02612
7/24/2020,255.56,-0.009496
7/27/2020,260.12,0.017843
7/28/2020,256.81,-0.012725
7/29/2020,259.76999,0.011526
7/30/2020,261.13,0.005235
7/31/2020,265.79001,0.017846
8/3/2020,269.38,0.013507
8/4/2020,270.38,0.003712
8/5/2020,271.04999,0.002478
8/6/2020,274.64001,0.013245
8/7/2020,271.47,-0.011542
8/10/2020,270.31,-0.004273
8/11/2020,265.19,-0.018941
8/12/2020,271.85999,0.025152
8/13/2020,272.48001,0.002281
8/14/2020,272.16,-0.001174
8/17/2020,275.32001,0.011611
8/18/2020,277.97,0.009625
8/19/2020,276.10001,-0.006727
8/20/2020,279.92999,0.013872
8/21/2020,281.87,0.00693
8/24/2020,283.63,0.006244
8/25/2020,285.85999,0.007862
8/26/2020,291.95999,0.021339
8/27/2020,291.04999,-0.003117
8/28/2020,292.53,0.005085
8/31/2020,294.88,0.008033
9/1/2020,299.92001,0.017092
9/2/2020,302.76001,0.009469
9/3/2020,287.41,-0.0507
9/4/2020,283.57999,-0.013326
9/8/2020,269.95001,-0.048064
9/9/2020,277.88,0.029376
9/10/2020,272.34,-0.019937
9/11/2020,270.45001,-0.00694
9/14/2020,275.16,0.017415
9/15/2020,279.06,0.014174
9/16/2020,274.60999,-0.015946
9/17/2020,270.32001,-0.015622
9/18/2020,266.87,-0.012763
9/21/2020,267.51001,0.003853
9/22/2020,272.48001,0.018579
9/23/2020,264.16,-0.030534
9/24/2020,265.39001,0.004656
9/25/2020,271.56,0.023249
9/28/2020,277.20001,0.020769
9/29/2020,275.95001,-0.004509
9/30/2020,277.84,0.006849
10/1/2020,282.25,0.015872
10/2/2020,274.31,-0.028131
10/5/2020,280.16,0.021326
10/6/2020,275.16,-0.017847
10/7/2020,279.92001,0.017299
10/8/2020,281.41,0.005323
10/9/2020,285.70999,0.01528
10/12/2020,294.53,0.03087
10/13/2020,294.51999,-0.000034
10/14/2020,292.06,-0.008353
10/15/2020,290.10001,-0.006711
10/16/2020,288.51001,-0.005481
10/19/2020,283.79999,-0.016325
10/20/2020,284.41,0.002149
10/21/2020,284.19,-0.000774
10/22/2020,284.17999,-0.000035
10/23/2020,284.73999,0.001971
10/26/2020,280.47,-0.014996
10/27/2020,282.66,0.007808
10/28/2020,271.64001,-0.038987
10/29/2020,276.39001,0.017486
10/30/2020,269.38,-0.025363
11/2/2020,269.98001,0.002227
11/3/2020,274.64999,0.017298
11/4/2020,286.91,0.044639
11/5/2020,294.39001,0.026071
11/6/2020,294.60999,0.000747
11/9/2020,288.59,-0.020434
11/10/2020,283.42001,-0.017915
11/11/2020,289.76001,0.02237
11/12/2020,288.39999,-0.004694
11/13/2020,290.92999,0.008773
11/16/2020,293.20001,0.007803
11/17/2020,292.26999,-0.003172
11/18/2020,290.10999,-0.00739
11/19/2020,292.38,0.007825
11/20/2020,290.38,-0.00684
11/23/2020,290.39001,0.000034
11/24/2020,294.47,0.01405
11/25/2020,296.28,0.006147
11/27/2020,299.01001,0.009214
11/30/2020,299.62,0.00204
12/1/2020,303.45999,0.012816
12/2/2020,303.85001,0.001285
12/3/2020,304.28,0.001415
12/4/2020,305.51999,0.004075
12/7/2020,307.25,0.005663
12/8/2020,308.29001,0.003385
12/9/2020,301.31,-0.022641
12/10/2020,302.51999,0.004016
12/11/2020,301.85001,-0.002215
12/14/2020,304.04001,0.007255
12/15/2020,307.29001,0.010689
12/16/2020,308.98001,0.0055
12/17/2020,311,0.006538
12/18/2020,310.06,-0.003023
12/21/2020,308.92001,-0.001866
12/22/2020,309.76001,0.002719
12/23/2020,308.20001,-0.005036
12/24/2020,309.56,0.004413
12/28/2020,312.67999,0.010079
12/29/2020,312.95999,0.000895
12/30/2020,312.97,0.000032
12/31/2020,313.73999,0.00246
1/4/2021,309.31,-0.01412
1/5/2021,311.85999,0.008244
1/6/2021,307.54001,-0.013852
1/7/2021,314.98001,0.024192
1/8/2021,319.03,0.012858
1/11/2021,314.42001,-0.01445
1/12/2021,313.92001,-0.00159
1/13/2021,316.04001,0.006753
1/14/2021,314.35001,-0.005347
1/15/2021,311.85999,-0.007921
1/19/2021,316.41,0.01459
1/20/2021,323.76999,0.023261
1/21/2021,326.35999,0.007999
1/22/2021,325.42001,-0.00288
1/25/2021,328.10999,0.008266
1/26/2021,328.59,0.001463
1/27/2021,319.42999,-0.027877
1/28/2021,321.32001,0.005917
1/29/2021,314.56,-0.021038
2/1/2021,322.42001,0.024987
2/2/2021,327.67999,0.016314
2/3/2021,326.38,-0.003967
2/4/2021,330.23999,0.011827
2/5/2021,331.35999,0.003391
2/8/2021,333.57999,0.0067
2/9/2021,333.51001,-0.00021
2/10/2021,332.75,-0.002279
2/11/2021,334.57999,0.0055
2/12/2021,336.45001,0.005589
2/16/2021,335.54001,-0.002705
2/17/2021,333.92999,-0.004798
2/18/2021,332.47,-0.004372
2/19/2021,331.01999,-0.004361
2/22/2021,322.44,-0.02592
2/23/2021,321.48001,-0.002977
2/24/2021,324.13,0.008243
2/25/2021,312.82999,-0.034863
2/26/2021,314.14001,0.004188
3/1/2021,323.59,0.030082
3/2/2021,318.39999,-0.016039
3/3/2021,309.16,-0.02902
3/4/2021,304.10001,-0.016367
3/5/2021,308.67999,0.015061
3/8/2021,299.94,-0.028314
3/9/2021,311.76999,0.039441
3/10/2021,310.88,-0.002855
3/11/2021,318.04001,0.023031
3/12/2021,315.45999,-0.008112
3/15/2021,318.82999,0.010683
3/16/2021,320.57999,0.005489
3/17/2021,321.89999,0.004118
3/18/2021,312.04001,-0.030631
3/19/2021,313.14001,0.003525
3/22/2021,318.60999,0.018729
3/23/2021,317.22,-0.004363
3/24/2021,311.87,-0.016865
3/25/2021,311.32999,-0.001732
3/26/2021,316,0.015
3/29/2021,315.91,-0.000285
3/30/2021,314.32001,-0.005033
3/31/2021,319.13,0.015303
4/1/2021,324.57001,0.017046
4/5/2021,331.04999,0.019965
4/6/2021,330.82001,-0.000695
4/7/2021,331.62,0.002418
4/8/2021,335.07999,0.010434
4/9/2021,337.10999,0.006058
4/12/2021,336.67001,-0.001305
4/13/2021,340.60001,0.011673
4/14/2021,336.51001,-0.012008
4/15/2021,341.60999,0.015155
4/16/2021,342.01001,0.001171
4/19/2021,338.88,-0.009152
4/20/2021,336.41,-0.007289
4/21/2021,339.29001,0.008561
4/22/2021,335.20001,-0.012055
4/23/2021,339.42001,0.01259
4/26/2021,341.63,0.006511
4/27/2021,340.14999,-0.004332
4/28/2021,339,-0.003381
4/29/2021,340.22,0.003599
4/30/2021,337.98999,-0.006555
5/3/2021,336.19,-0.005326
5/4/2021,330.14001,-0.017996
5/5/2021,329.03,-0.003362
5/6/2021,331.51001,0.007537
5/7/2021,334.20001,0.008114
5/10/2021,325.76001,-0.025254
5/11/2021,325.31,-0.001381
5/12/2021,316.89001,-0.025883
5/13/2021,319.34,0.007731
5/14/2021,326.39001,0.022077
5/17/2021,324.41,-0.006066
5/18/2021,322.22,-0.006751
5/19/2021,322.59,0.001148
5/20/2021,328.82999,0.019343
5/21/2021,327.01001,-0.005535
5/24/2021,332.51001,0.016819
5/25/2021,332.97,0.001383
5/26/2021,334.13,0.003484
5/27/2021,332.88,-0.003741
5/28/2021,333.92999,0.003154
6/1/2021,332.82001,-0.003324
6/2/2021,333.47,0.001953
6/3/2021,330,-0.010406
6/4/2021,335.60001,0.01697
6/7/2021,336.60001,0.00298
6/8/2021,336.76001,0.000475
6/9/2021,336.84,0.000238
6/10/2021,340.35001,0.01042
6/11/2021,341.23999,0.002615
6/14/2021,344.51001,0.009583
6/15/2021,342.26001,-0.006531
6/16/2021,341.01001,-0.003652
6/17/2021,345.34,0.012698
6/18/2021,342.63,-0.007847
6/21/2021,344.35999,0.006207
6/22/2021,347.57001,0.009322
6/23/2021,347.73999,0.000489
6/24/2021,349.89001,0.006183
6/25/2021,349.45999,-0.001229
6/28/2021,353.70999,0.012162
6/29/2021,354.98999,0.003619
6/30/2021,354.42999,-0.001578
7/1/2021,354.57001,0.000395
7/2/2021,358.64001,0.011479
7/6/2021,360.19,0.004322
7/7/2021,360.95001,0.00211
7/8/2021,358.76999,-0.00604
7/9/2021,361.01001,0.006244
7/12/2021,362.42001,0.003906
7/13/2021,362.42001,0
7/14/2021,363.07001,0.001793
7/15/2021,360.51999,-0.007023
7/16/2021,357.60001,-0.008099
7/19/2021,354.67001,-0.008193
7/20/2021,358.79001,0.011616
7/21/2021,361.56,0.00772
7/22/2021,363.95001,0.00661
7/23/2021,368.20001,0.011677
7/26/2021,368.48999,0.000788
7/27/2021,364.42999,-0.011018
7/28/2021,365.82999,0.003842
7/29/2021,366.48001,0.001777
7/30/2021,364.57001,-0.005212
8/2/2021,364.60001,0.000082
8/3/2021,366.81,0.006061
8/4/2021,367.34,0.001445
8/5/2021,369.67001,0.006343
8/6/2021,368.04999,-0.004382
8/9/2021,368.73001,0.001848
8/10/2021,366.84,-0.005126
8/11/2021,366.20999,-0.001717
8/12/2021,367.53,0.003605
8/13/2021,368.82001,0.00351
8/16/2021,368.98001,0.000434
8/17/2021,365.73001,-0.008808
8/18/2021,362.20999,-0.009625
8/19/2021,363.95999,0.004831
8/20/2021,367.73001,0.010358
8/23/2021,373.23001,0.014957
8/24/2021,374.37,0.003054
8/25/2021,374.79999,0.001149
8/26/2021,372.42001,-0.00635
8/27/2021,376.04001,0.00972
8/30/2021,380.26001,0.011222
8/31/2021,379.95001,-0.000815
9/1/2021,380.57999,0.001658
9/2/2021,380.39999,-0.000473
9/3/2021,381.57001,0.003076
9/7/2021,382.10999,0.001415
9/8/2021,380.78,-0.003481
9/9/2021,379.47,-0.00344
9/10/2021,376.59,-0.00759
9/13/2021,376.32999,-0.00069
9/14/2021,375.26001,-0.002843
9/15/2021,378.04999,0.007435
9/16/2021,378.31,0.000688
9/17/2021,373.82999,-0.011842
9/20/2021,365.70001,-0.020641
9/21/2021,366.14999,0.00123
9/22/2021,369.57001,0.00934
9/23/2021,372.98001,0.009227
9/24/2021,373.32999,0.000938
9/27/2021,370.35001,-0.007982
9/28/2021,359.87,-0.028298
9/29/2021,359.28,-0.001639
9/30/2021,357.95999,-0.003674
10/1/2021,360.17999,0.006202
10/4/2021,352.62,-0.020989
10/5/2021,357.38,0.013499
10/6/2021,359.67001,0.006408
10/7/2021,362.97,0.009175
10/8/2021,361.16,-0.004987
10/11/2021,358.39001,-0.00767
10/12/2021,357.14001,-0.003488
10/13/2021,360,0.008008
10/14/2021,366.63,0.018417
10/15/2021,368.94,0.006301
10/18/2021,372.64999,0.010056
10/19/2021,375.47,0.007567
10/20/2021,374.98001,-0.001305
10/21/2021,377.26999,0.006107
10/22/2021,374.10001,-0.008402
10/25/2021,377.92999,0.010238
10/26/2021,379.12,0.003149
10/27/2021,380,0.002321
10/28/2021,384.22,0.011105
10/29/2021,386.10999,0.004919
11/1/2021,387.42999,0.003419
11/2/2021,389.04999,0.004181
11/3/2021,393.17999,0.010616
11/4/2021,398.22,0.012819
11/5/2021,398.60001,0.000954
11/8/2021,398.06,-0.001355
11/9/2021,395.32001,-0.006883
11/10/2021,389.51001,-0.014697
11/11/2021,390.59,0.002773
11/12/2021,394.70001,0.010523
11/15/2021,394.60999,-0.000228
11/16/2021,397.42001,0.007121
11/17/2021,397.63,0.000528
11/18/2021,401.75,0.010361
11/19/2021,403.98999,0.005576
11/22/2021,399.29999,-0.011609
11/23/2021,397.48001,-0.004558
11/24/2021,398.76001,0.00322
11/26/2021,391.20001,-0.018959
11/29/2021,399.69,0.021702
11/30/2021,393.82001,-0.014686
12/1/2021,387.12,-0.017013
12/2/2021,389.91,0.007207
12/3/2021,383.13,-0.017389
12/6/2021,386.20001,0.008013
12/7/2021,397.82999,0.030114
12/8/2021,399.60999,0.004474
12/9/2021,393.73001,-0.014714
12/10/2021,398.01001,0.01087
12/13/2021,392.26001,-0.014447
12/14/2021,388.20001,-0.01035
12/15/2021,397.04999,0.022797
12/16/2021,386.84,-0.025715
12/17/2021,384.91,-0.004989
12/20/2021,380.69,-0.009687
12/21/2021,389.20999,0.02238
12/22/2021,393.95001,0.012179
12/23/2021,396.92001,0.007539
12/27/2021,403.48001,0.016527
12/28/2021,401.60999,-0.004635
12/29/2021,401.54999,-0.000149
12/30/2021,400.35001,-0.002988
12/31/2021,397.85001,-0.006245
1/3/2022,401.67999,0.009627
1/4/2022,396.47,-0.012971
1/5/2022,384.29001,-0.030721
1/6/2022,384.01999,-0.000703
1/7/2022,379.85999,-0.010833
1/10/2022,380.10999,0.000658
1/11/2022,385.82001,0.015022
1/12/2022,387.35001,0.003966
1/13/2022,377.66,-0.025016
1/14/2022,380.01001,0.006223
1/18/2022,370.54999,-0.024894
1/19/2022,366.48001,-0.010984
1/20/2022,361.72,-0.012988
1/21/2022,351.69,-0.027729
1/24/2022,353.29999,0.004578
1/25/2022,345.10999,-0.023181
1/26/2022,344.57001,-0.001565
1/27/2022,341.10001,-0.010071
1/28/2022,351.79999,0.031369
1/31/2022,363.04999,0.031978
2/1/2022,365.51999,0.006803
2/2/2022,368.48999,0.008125
2/3/2022,353.54999,-0.040544
2/4/2022,358.01001,0.012615
2/7/2022,355.13,-0.008044
2/8/2022,359.12,0.011235
2/9/2022,366.73001,0.021191
2/10/2022,358.42999,-0.022633
2/11/2022,347.06,-0.031722
2/14/2022,347.48999,0.001239
2/15/2022,356.13,0.024864
2/16/2022,356.04001,-0.000253
2/17/2022,345.45001,-0.029744
2/18/2022,341.51001,-0.011405
2/22/2022,338.07999,-0.010044
2/23/2022,329.42001,-0.025615
2/24/2022,340.48999,0.033604
2/25/2022,345.76999,0.015507
2/28/2022,346.79999,0.002979
3/1/2022,341.48999,-0.015311
3/2/2022,347.22,0.016779
3/3/2022,342.26001,-0.014285
3/4/2022,337.29999,-0.014492
3/7/2022,324.85999,-0.036881
3/8/2022,323.35001,-0.004648
3/9/2022,334.98999,0.035998
3/10/2022,331.26999,-0.011105
3/11/2022,324.39999,-0.020738
3/14/2022,318.17001,-0.019205
3/15/2022,328.14999,0.031367
3/16/2022,340.32001,0.037087
3/17/2022,344.44,0.012106
3/18/2022,351.48999,0.020468
3/21/2022,350.07999,-0.002778
3/22/2022,356.95999,0.019653
3/23/2022,351.82999,-0.014371
3/24/2022,359.64999,0.022227
3/25/2022,359.35001,-0.000834
3/28/2022,364.91,0.015472
3/29/2022,371.19,0.01721
3/30/2022,367.09,-0.011046
3/31/2022,362.54001,-0.012395
4/1/2022,361.85001,-0.001903
4/4/2022,369.29999,0.020589
4/5/2022,361.10001,-0.022204
4/6/2022,353.26001,-0.021711
4/7/2022,354.10001,0.002378
4/8/2022,349.14999,-0.013979
4/11/2022,340.89001,-0.023657
4/12/2022,339.45001,-0.004224
4/13/2022,346.35001,0.020327
4/14/2022,338.42999,-0.022867
4/18/2022,338.69,0.000768
4/19/2022,346.26001,0.022351
4/20/2022,341.20999,-0.014584
4/21/2022,334.14999,-0.020691
4/22/2022,325.39999,-0.026186
4/25/2022,329.57999,0.012846
4/26/2022,317.14001,-0.037745
4/27/2022,316.76001,-0.001198
4/28/2022,328.01001,0.035516
4/29/2022,313.25,-0.044999
5/2/2022,318.48001,0.016696
5/3/2022,318.82001,0.001068
5/4/2022,329.60001,0.033812
5/5/2022,313,-0.050364
5/6/2022,309.25,-0.011981
5/9/2022,297.14999,-0.039127
5/10/2022,300.76001,0.012149
5/11/2022,291.84,-0.029658
5/12/2022,291.14999,-0.002364
5/13/2022,301.94,0.03706
5/16/2022,298.44,-0.011592
5/17/2022,306.17001,0.025901
5/18/2022,291.14001,-0.04909
5/19/2022,289.57999,-0.005358
5/20/2022,288.67999,-0.003108
5/23/2022,293.48001,0.016627
5/24/2022,287.23999,-0.021262
5/25/2022,291.26001,0.013995
5/26/2022,299.32999,0.027707
5/27/2022,309.10001,0.03264
5/31/2022,308.28,-0.002653
6/1/2022,306,-0.007396
6/2/2022,314.38,0.027386
6/3/2022,306.20001,-0.026019
6/6/2022,307.22,0.003331
6/7/2022,309.87,0.008626
6/8/2022,307.64001,-0.007197
6/9/2022,299.39999,-0.026785
6/10/2022,288.84,-0.035271
6/13/2022,275.41,-0.046496
6/14/2022,275.91,0.001815
6/15/2022,282.79999,0.024972
6/16/2022,271.39001,-0.040346
6/17/2022,274.69,0.01216
6/21/2022,281.07999,0.025183
6/22/2022,280.67001,-0.001459
6/23/2022,284.85001,0.014893
6/24/2022,294.60999,0.034264
6/27/2022,292.45001,-0.007332
6/28/2022,283.54001,-0.030467
6/29/2022,283.79999,0.000917
6/30/2022,280.28,-0.012403
7/1/2022,282.13,0.006601
7/5/2022,286.95999,0.01712
7/6/2022,288.79999,0.006412
7/7/2022,294.98001,0.021399
7/8/2022,295.35001,0.001254
7/11/2022,289.04001,-0.021364
7/12/2022,286.23999,-0.009687
7/13/2022,285.64999,-0.002061
7/14/2022,286.67001,0.003571
7/15/2022,291.87,0.018139
7/18/2022,289.39999,-0.008463
7/19/2022,298.29999,0.030753
7/20/2022,303.03,0.015857
7/21/2022,307.38,0.014355
7/22/2022,301.98999,-0.017535
7/25/2022,300.26999,-0.005696
7/26/2022,294.37,-0.019649
7/27/2022,306.81,0.04226
7/28/2022,309.81,0.009778
7/29/2022,315.45999,0.018237
8/1/2022,315.26999,-0.000602
8/2/2022,314.32999,-0.002982
8/3/2022,322.89001,0.027233
8/4/2022,324.39999,0.004676
8/5/2022,321.75,-0.008169
8/8/2022,320.70999,-0.003232
8/9/2022,317.07999,-0.011319
8/10/2022,325.92999,0.027911
8/11/2022,324.07999,-0.005676
8/12/2022,330.39001,0.019471
8/15/2022,333.06,0.008081
8/16/2022,332.28,-0.002342
8/17/2022,328.48999,-0.011406
8/18/2022,329.28,0.002405
8/19/2022,322.85999,-0.019497
8/22/2022,314.35999,-0.026327
8/23/2022,314.10001,-0.000827
8/24/2022,315.01001,0.002897
8/25/2022,320.57999,0.017682
8/26/2022,307.44,-0.040988
8/29/2022,304.41,-0.009856
8/30/2022,301.01999,-0.011136
8/31/2022,299.26999,-0.005814
9/1/2022,299.39999,0.000434
9/2/2022,295.17001,-0.014128
9/6/2022,293.04999,-0.007182
9/7/2022,298.97,0.020201
9/8/2022,300.51999,0.005184
9/9/2022,307.09,0.021862
9/12/2022,310.73999,0.011886
9/13/2022,293.70001,-0.054837
9/14/2022,296.03,0.007933
9/15/2022,291.10001,-0.016654
9/16/2022,289.32001,-0.006115
9/19/2022,291.04999,0.007772
9/20/2022,288.73001,-0.007971
9/21/2022,283.56,-0.017906
9/22/2022,280.07001,-0.012308
9/23/2022,275.51001,-0.016282
9/26/2022,274.37,-0.004138
9/27/2022,274.48001,0.000401
9/28/2022,279.94,0.019892
9/29/2022,271.87,-0.028828
9/30/2022,267.26001,-0.016957
10/3/2022,273.53,0.02346
10/4/2022,282.13,0.031441
10/5/2022,281.98001,-0.000532
10/6/2022,279.76001,-0.007873
10/7/2022,269.10001,-0.038104
10/10/2022,266.41,-0.009996
10/11/2022,262.75,-0.013738
10/12/2022,262.66,-0.000343
10/13/2022,268.82001,0.023452
10/14/2022,260.73999,-0.030057
10/17/2022,269.35001,0.033021
10/18/2022,271.48001,0.007908
10/19/2022,270.48999,-0.003647
10/20/2022,269.10999,-0.005102
10/21/2022,275.42001,0.023448
10/24/2022,278.45001,0.011001
10/25/2022,284.20999,0.020686
10/26/2022,277.92999,-0.022096
10/27/2022,272.87,-0.018206
10/28/2022,281.22,0.030601
10/31/2022,277.95001,-0.011628
11/1/2022,275.10999,-0.010218
11/2/2022,265.67999,-0.034277
11/3/2022,260.48999,-0.019535
11/4/2022,264.67999,0.016085
11/7/2022,267.59,0.010994
11/8/2022,269.54001,0.007287
11/9/2022,263.32001,-0.023076
11/10/2022,282.75,0.073789
11/11/2022,287.95999,0.018426
11/14/2022,285.44,-0.008751
11/15/2022,289.39001,0.013838
11/16/2022,285.44,-0.013649
11/17/2022,284.81,-0.002207
11/18/2022,284.82001,0.000035
11/21/2022,281.89001,-0.010287
11/22/2022,285.95001,0.014403
11/23/2022,288.82001,0.010037
11/25/2022,286.92001,-0.006578
11/28/2022,282.70999,-0.014673
11/29/2022,280.57001,-0.00757
11/30/2022,293.35999,0.045586
12/1/2022,293.72,0.001227
12/2/2022,292.54999,-0.003983
12/5/2022,287.64001,-0.016783
12/6/2022,281.67999,-0.02072
12/7/2022,280.53,-0.004083
12/8/2022,283.85001,0.011835
12/9/2022,282.04001,-0.006377
12/12/2022,285.57999,0.012551
12/13/2022,288.64999,0.01075
12/14/2022,286.51001,-0.007414
12/15/2022,276.89001,-0.033576
12/16/2022,274.25,-0.009535
12/19/2022,269.75,-0.014019
12/20/2022,269.54001,-0.000778
12/21/2022,273.45001,0.014506
12/22/2022,266.76001,-0.024465
12/23/2022,267.35999,0.002249
12/27/2022,263.57999,-0.014138
12/28/2022,260.10001,-0.013203
12/29/2022,266.44,0.024375
12/30/2022,266.28,-0.000601
1/3/2023,264.48001,-0.00676
1/4/2023,265.73999,0.004764
1/5/2023,261.57999,-0.015654
1/6/2023,268.79999,0.027602
1/9/2023,270.54001,0.006473
1/10/2023,272.82999,0.008464
1/11/2023,277.54999,0.0173
1/12/2023,279.04999,0.005404
1/13/2023,280.97,0.006881
1/17/2023,281.54001,0.002029
1/18/2023,277.88,-0.013
1/19/2023,275.14999,-0.009824
1/20/2023,282.67999,0.027367
1/23/2023,288.95999,0.022216
1/24/2023,288.37,-0.002042
1/25/2023,287.73001,-0.002219
1/26/2023,293.34,0.019497
1/27/2023,296.26001,0.009954
1/30/2023,290.26999,-0.020219
1/31/2023,294.62,0.014986
2/1/2023,300.92001,0.021384
2/2/2023,311.72,0.03589
2/3/2023,306.17999,-0.017772
2/6/2023,303.59,-0.008459
2/7/2023,309.88,0.020719
2/8/2023,304.37,-0.017781
2/9/2023,301.67999,-0.008838
2/10/2023,299.70001,-0.006563
2/13/2023,304.5,0.016016
2/14/2023,306.75,0.007389
2/15/2023,309.10001,0.007661
2/16/2023,303.29999,-0.018764
2/17/2023,301.16,-0.007056
2/21/2023,294.03,-0.023675
2/22/2023,294.25,0.000748
2/23/2023,296.82001,0.008734
2/24/2023,291.85001,-0.016744
2/27/2023,293.94,0.007161
2/28/2023,293.56,-0.001293
3/1/2023,291.20001,-0.008039
3/2/2023,293.60999,0.008276
3/3/2023,299.67999,0.020674
3/6/2023,300.01999,0.001135
3/7/2023,296.34,-0.012266
3/8/2023,297.82001,0.004994
3/9/2023,292.66,-0.017326
3/10/2023,288.54999,-0.014044
3/13/2023,290.69,0.007416
3/14/2023,297.37,0.02298
3/15/2023,298.92999,0.005246
3/16/2023,306.81,0.026361
3/17/2023,305.35999,-0.004726
3/20/2023,305.97,0.003544
3/21/2023,310.34,0.014282
3/22/2023,306.12,-0.013598
3/23/2023,309.75,0.011858
3/24/2023,310.89001,0.00368
3/27/2023,308.76001,-0.006851
3/28/2023,307.12,-0.005312
3/29/2023,312.72,0.018234
3/30/2023,315.67999,0.009465
3/31/2023,320.92999,0.016631
4/3/2023,320.14999,-0.00243
4/4/2023,319.07001,-0.003373
4/5/2023,315.92001,-0.009872
4/6/2023,318.04999,0.006742
4/10/2023,317.87,-0.000566
4/11/2023,315.82999,-0.006418
4/12/2023,313.04001,-0.008834
4/13/2023,319.17001,0.019582
4/14/2023,318.57001,-0.00188
4/17/2023,318.84,0.000848
4/18/2023,318.85999,0.000063
4/19/2023,318.70999,-0.00047
4/20/2023,316.28,-0.007624
4/21/2023,316.60999,0.001043
4/24/2023,315.95001,-0.002084
4/25/2023,309.98999,-0.018864
4/26/2023,311.87,0.006065
4/27/2023,320.35001,0.027191
4/28/2023,322.56,0.006899
5/1/2023,322.19,-0.001147
5/2/2023,319.38,-0.008722
5/3/2023,317.29001,-0.006544
5/4/2023,316.17001,-0.00353
5/5/2023,322.89001,0.021254
5/8/2023,323.69,0.002478
5/9/2023,321.64001,-0.006333
5/10/2023,325.14001,0.010882
5/11/2023,326.20001,0.00326
5/12/2023,325.03,-0.003587
5/15/2023,326.79001,0.005415
5/16/2023,327.16,0.001132
5/17/2023,331.12,0.012104
5/18/2023,337.26999,0.018573
5/19/2023,336.51001,-0.002253
5/22/2023,337.64001,0.003358
5/23/2023,333.35999,-0.012676
5/24/2023,331.64999,-0.00513
5/25/2023,339.72,0.024333
5/26/2023,348.39999,0.02555
5/30/2023,349.98001,0.004535
5/31/2023,347.98999,-0.005686
6/1/2023,352.01001,0.011552
6/2/2023,354.64999,0.0075
6/5/2023,354.89999,0.000705
6/6/2023,354.84,-0.000169
6/7/2023,348.82001,-0.016965
6/8/2023,353.14999,0.012413
6/9/2023,354.5,0.003823
6/12/2023,360.48999,0.016897
6/13/2023,363.26001,0.007684
6/14/2023,365.89999,0.007267
6/15/2023,370.26001,0.011916
6/16/2023,367.92999,-0.006293
6/20/2023,366.89999,-0.00143
6/21/2023,361.89999,-0.013628
6/22/2023,366.17001,0.011799
6/23/2023,362.54001,-0.009913
6/26/2023,357.67999,-0.013405
6/27/2023,363.82999,0.017194
6/28/2023,364.54001,0.001952
6/29/2023,363.81,-0.002003
6/30/2023,369.42001,0.01542
7/3/2023,370.29001,0.002355
7/5/2023,370.28,-0.000027
7/6/2023,367.45999,-0.007616
7/7/2023,366.23999,-0.00332
7/10/2023,366.35999,0.000328
7/11/2023,368.17001,0.004941
7/12/2023,372.82001,0.01263
7/13/2023,379.14999,0.016979
7/14/2023,379.07001,-0.000211
7/17/2023,382.60999,0.009339
7/18/2023,385.73999,0.008181
7/19/2023,385.64999,-0.000233
7/20/2023,376.76001,-0.023052
7/21/2023,375.63,-0.002999
7/24/2023,376.23001,0.001597
7/25/2023,378.78,0.006778
7/26/2023,377.51999,-0.003326
7/27/2023,376.62,-0.002384
7/28/2023,383.48001,0.018215
7/31/2023,383.67999,0.000521
8/1/2023,382.79001,-0.00232
8/2/2023,374.39001,-0.021944
8/3/2023,373.79001,-0.001603
8/4/2023,372.04001,-0.004682
8/7/2023,375.19,0.008467
8/8/2023,372,-0.008502
8/9/2023,367.91,-0.010995
8/10/2023,368.59,0.001848
8/11/2023,366.23999,-0.006376
8/14/2023,370.35001,0.011222
8/15/2023,366.42001,-0.010612
8/16/2023,362.54001,-0.010589
8/17/2023,358.57999,-0.010923
8/18/2023,358.13,-0.001255
8/21/2023,363.89999,0.016111
8/22/2023,363.38,-0.001429
8/23/2023,369.10999,0.015769
8/24/2023,361.22,-0.021376
8/25/2023,364.01999,0.007751
8/28/2023,366.76001,0.007527
8/29/2023,374.76999,0.02184
8/30/2023,376.85999,0.005577
8/31/2023,377.98999,0.002998
9/1/2023,377.59,-0.001058
9/5/2023,378.07001,0.001271
9/6/2023,374.73999,-0.008808
9/7/2023,372.06,-0.007152
9/8/2023,372.57999,0.001398
9/11/2023,376.97,0.011783
9/12/2023,372.79001,-0.011088
9/13/2023,374.20999,0.003809
9/14/2023,377.26999,0.008177
9/15/2023,370.81,-0.017123
9/18/2023,370.66,0.00104
9/19/2023,369.87,-0.002131
9/20/2023,364.54001,-0.01441
9/21/2023,357.85999,-0.018325
9/22/2023,357.91,0.00014
9/25/2023,359.60999,0.00475
9/26/2023,354.20999,-0.015016
9/27/2023,355.04001,0.002343
9/28/2023,358.01001,0.008365
9/29/2023,358.26999,0.000726
10/2/2023,361.26001,0.008346
10/3/2023,354.92001,-0.01755
10/4/2023,359.75,0.013609
10/5/2023,358.69,-0.002946
10/6/2023,364.70001,0.016755
10/9/2023,366.56,0.0051
10/10/2023,368.59,0.005538
10/11/2023,371.22,0.007135
10/12/2023,369.92999,-0.003475
10/13/2023,365.28,-0.01257
10/16/2023,369.41,0.011306
10/17/2023,368.20001,-0.003275
10/18/2023,363.37,-0.013118
10/19/2023,359.97,-0.009357
10/20/2023,354.60001,-0.014918
10/23/2023,355.67001,0.003018
10/24/2023,359.13,0.009728
10/25/2023,350.34,-0.024476
10/26/2023,343.66,-0.019067
10/27/2023,345.31,0.004801
10/30/2023,349.20001,0.011265
10/31/2023,350.87,0.004782
11/1/2023,356.95999,0.017357
11/2/2023,363.44,0.018153
11/3/2023,367.70999,0.011749
11/6/2023,369.20999,0.004079
11/7/2023,372.70001,0.009453
11/8/2023,372.94,0.000644
11/9/2023,370.07001,-0.007696
11/10/2023,378.39001,0.022482
11/13/2023,377.20999,-0.003119
11/14/2023,385.32999,0.021526
11/15/2023,385.62,0.000753
11/16/2023,385.95001,0.000856
11/17/2023,386.04001,0.000233
11/20/2023,390.73999,0.012175
11/21/2023,388.47,-0.005809
11/22/2023,390.06,0.004093
11/24/2023,389.51001,-0.00141
11/27/2023,389.17001,-0.000873
11/28/2023,390.19,0.002621
11/29/2023,389.81,-0.000974
11/30/2023,388.82999,-0.002514
12/1/2023,389.94,0.002855
12/4/2023,386.32001,-0.009283
12/5/2023,387.29001,0.002511
12/6/2023,385.04999,-0.005784
12/7/2023,390.42999,0.013972
12/8/2023,392.17001,0.004457
12/11/2023,395.51999,0.008542
12/12/2023,398.67001,0.007964
12/13/2023,403.73999,0.012717
12/14/2023,403.39001,-0.000867
12/15/2023,405.34,0.004834
12/18/2023,407.07999,0.006287
12/19/2023,409.16,0.00511
12/20/2023,403.07999,-0.01486
12/21/2023,407.76999,0.011635
12/22/2023,408.38,0.001496
12/26/2023,410.88,0.006122
12/27/2023,411.5,0.002034
12/28/2023,411.29999,-0.000486
12/29/2023,409.51999,-0.004328
1/2/2024,402.59,-0.016922
1/3/2024,398.32999,-0.010582
1/4/2024,396.28,-0.005146
1/5/2024,396.75,0.001186
1/8/2024,404.95001,0.020668
1/9/2024,405.75,0.001976
1/10/2024,408.5,0.006778
1/11/2024,409.35001,0.002081
1/12/2024,409.56,0.000513
1/16/2024,409.51999,-0.000098
1/17/2024,407.20999,-0.005641
1/18/2024,412.98999,0.014194
1/19/2024,421.17999,0.019831
1/22/2024,421.73001,0.001306
1/23/2024,423.48001,0.00415
1/24/2024,425.82999,0.005549
1/25/2024,426.35001,0.001221
1/26/2024,423.81,-0.005958
1/29/2024,428.14999,0.01024
1/30/2024,425.29999,-0.006657
1/31/2024,416.97,-0.019586
2/1/2024,421.88,0.011775
2/2/2024,429.01001,0.016901
2/5/2024,428.45001,-0.001305
2/6/2024,427.59,-0.002007
2/7/2024,431.98999,0.01029
2/8/2024,432.79001,0.001852
2/9/2024,437.04999,0.009843
2/12/2024,435.34,-0.003913
2/13/2024,428.54999,-0.015597
2/14/2024,433.22,0.010897
2/15/2024,434.51001,0.002978
2/16/2024,430.57001,-0.009068
2/20/2024,427.32001,-0.007548
2/21/2024,425.60999,-0.004002
2/22/2024,438.07001,0.029276
2/23/2024,436.78,-0.002945
2/26/2024,436.54999,-0.000527
2/27/2024,437.60001,0.002405
2/28/2024,435.26999,-0.005325
2/29/2024,439,0.008569
3/1/2024,445.60999,0.015057
3/4/2024,444.01999,-0.003568
3/5/2024,436.04999,-0.01795
3/6/2024,438.79001,0.006284
3/7/2024,445.45001,0.015178
3/8/2024,439.01999,-0.014435
3/11/2024,437.39001,-0.003713
3/12/2024,443.66,0.014335
3/13/2024,440.25,-0.007686
3/14/2024,439.14001,-0.002521
3/15/2024,433.92001,-0.011887
3/18/2024,437.48001,0.009526
3/19/2024,438.57001,0.002492
3/20/2024,443.76999,0.011857
3/21/2024,445.87,0.004732
3/22/2024,446.38,0.001144
3/25/2024,444.76001,-0.003629
3/26/2024,443.32001,-0.003238
3/27/2024,444.82999,0.003406
3/28/2024,444.01001,-0.001843
4/1/2024,444.95001,0.002117
4/2/2024,441.10999,-0.00863
4/3/2024,442.10001,0.002244
4/4/2024,435.34,-0.015291
4/5/2024,440.47,0.011784
4/8/2024,440.60001,0.000295
4/9/2024,442.23001,0.0037
4/10/2024,438.37,-0.008729
4/11/2024,445.37,0.015968
4/12/2024,438.26999,-0.015942
4/15/2024,431.06,-0.016451
4/16/2024,431.10001,0.000093
4/17/2024,425.84,-0.012201
4/18/2024,423.41,-0.005706
4/19/2024,414.64999,-0.020689
4/22/2024,418.82001,0.010057
4/23/2024,425.07001,0.014923
4/24/2024,426.51001,0.003388
4/25/2024,424.45001,-0.00483
4/26/2024,431,0.015432
4/29/2024,432.75,0.00406
4/30/2024,424.59,-0.018856
5/1/2024,421.51999,-0.007231
5/2/2024,426.89999,0.012763
5/3/2024,435.48001,0.020098
5/6/2024,440.25,0.010953
5/7/2024,440.32001,0.000159
5/8/2024,440.06,-0.000591
5/9/2024,441.01999,0.002182
5/10/2024,442.06,0.002358
5/13/2024,443.07999,0.002307
5/14/2024,445.92999,0.006432
5/15/2024,452.89999,0.01563
5/16/2024,451.98001,-0.002031
5/17/2024,451.76001,-0.000487
5/20/2024,454.91,0.006973
5/21/2024,455.79999,0.001956
5/22/2024,455.70999,-0.000197
5/23/2024,453.66,-0.004498
5/24/2024,457.95001,0.009456
5/28/2024,459.67999,0.003778
5/29/2024,456.44,-0.007048
5/30/2024,451.54999,-0.010713
5/31/2024,450.70999,-0.00186
6/3/2024,453.13,0.005369
6/4/2024,454.37,0.002736
6/5/2024,463.53,0.02016
6/6/2024,463.37,-0.000345
6/7/2024,462.95999,-0.000885
6/10/2024,464.82999,0.004039
6/11/2024,468.01999,0.006863
6/12/2024,474.14999,0.013098
6/13/2024,476.72,0.00542
6/14/2024,479.19,0.005181
6/17/2024,485.06,0.01225
6/18/2024,485.20999,0.000309
6/20/2024,481.47,-0.007708
6/21/2024,480.17999,-0.002679
6/24/2024,473.95999,-0.011368
6/25/2024,479.38,0.011436
6/26/2024,480.37,0.002065
6/27/2024,481.60999,0.002581
6/28/2024,479.10999,-0.005191
7/1/2024,481.92001,0.005865
7/2/2024,486.98001,0.0105
7/3/2024,491.04001,0.008337
7/5/2024,496.16,0.010427
7/8/2024,497.34,0.002378
7/9/2024,497.76999,0.000865
7/10/2024,502.95999,0.010427
7/11/2024,491.92999,-0.02193
7/12/2024,494.82001,0.005875
7/15/2024,496.14999,0.002688
7/16/2024,496.34,0.000383
7/17/2024,481.76999,-0.029355
7/18/2024,479.48999,-0.004733
7/19/2024,475.23999,-0.008864
7/22/2024,482.32001,0.014898
7/23/2024,480.62,-0.003525
7/24/2024,463.38,-0.03587
7/25/2024,458.26999,-0.011028
7/26/2024,462.97,0.010256
7/29/2024,463.89999,0.002009
7/30/2024,457.53,-0.013731
7/31/2024,471.07001,0.029594
8/1/2024,459.66,-0.024221
8/2/2024,448.75,-0.023735
8/5/2024,435.37,-0.029816
8/6/2024,439.53,0.009555
8/7/2024,434.76999,-0.01083
8/8/2024,448.07001,0.030591
8/9/2024,450.41,0.005222
8/12/2024,451.38,0.002154
8/13/2024,462.57999,0.024813
8/14/2024,462.73001,0.000324
8/15/2024,474.42001,0.025263
8/16/2024,475.03,0.001286
8/19/2024,481.26999,0.013136
8/20/2024,480.26001,-0.002099
8/21/2024,482.5,0.004664
8/22/2024,474.85001,-0.015855
8/23/2024,480,0.010846
8/26/2024,475.34,-0.009708
8/27/2024,476.76001,0.002987
8/28/2024,471.35001,-0.011347
8/29/2024,470.66,-0.001464
8/30/2024,476.26999,0.011919
9/3/2024,461.81,-0.030361
9/4/2024,460.60999,-0.002598
9/5/2024,461.04001,0.000934
9/6/2024,448.69,-0.026787
9/9/2024,454.45999,0.01286
9/10/2024,458.66,0.009242
9/11/2024,468.62,0.021715
9/12/2024,473.22,0.009816
9/13/2024,475.34,0.00448
9/16/2024,473.23999,-0.004418
9/17/2024,473.48999,0.000528
9/18/2024,471.44,-0.00433
9/19/2024,483.35999,0.025284
9/20/2024,482.44,-0.001903
9/23/2024,483.04001,0.002647
9/24/2024,485.37,0.004824
9/25/2024,485.82001,0.000927
9/26/2024,489.47,0.007513
9/27/2024,486.75,-0.005557
9/30/2024,488.07001,0.002712
10/1/2024,481.26999,-0.013932
10/2/2024,481.95001,0.001413
10/3/2024,481.59,-0.000747
10/4/2024,487.32001,0.011898
10/7/2024,482.10001,-0.010712
10/8/2024,489.29999,0.014935
10/9/2024,493.14999,0.007868
10/10/2024,492.59,-0.001136
10/11/2024,493.35999,0.001563
10/14/2024,497.5,0.008391
10/15/2024,490.85001,-0.013367
10/16/2024,490.91,0.000122
10/17/2024,491.25,0.000693
10/18/2024,494.47,0.006555
10/21/2024,495.42001,0.001921
10/22/2024,495.95999,0.00109
10/23/2024,488.35999,-0.015324
10/24/2024,492.32001,0.008109
10/25/2024,495.32001,0.006094
10/28/2024,495.39999,0.000161
10/29/2024,500.16,0.009608
10/30/2024,496.38,-0.007558
10/31/2024,483.85001,-0.025243
11/1/2024,487.42999,0.007399
11/4/2024,486.01001,-0.002913
11/5/2024,492.20999,0.012757
11/6/2024,505.57999,0.027163
11/7/2024,513.53998,0.015744
11/8/2024,514.14001,0.001168
11/11/2024,513.84003,-0.000583
11/12/2024,512.90997,-0.00181
11/13/2024,512.25,-0.001287
11/14/2024,508.69,-0.00695
11/15/2024,496.57001,-0.023826
11/18/2024,500.01999,0.006948
11/19/2024,503.45999,0.00688
11/20/2024,503.17001,-0.000576
11/21/2024,504.98001,0.003597
11/22/2024,505.79001,0.001604
11/25/2024,506.59,0.001582
11/26/2024,509.31,0.005369
11/27/2024,505.29999,-0.007873
11/29/2024,509.73999,0.008787
12/2/2024,515.28998,0.010888
12/3/2024,516.87,0.003066
12/4/2024,523.26001,0.012363
12/5/2024,521.81,-0.002771
12/6/2024,526.47998,0.00895
12/9/2024,522.38,-0.007788
12/10/2024,520.59998,-0.003408
12/11/2024,529.91998,0.017902
12/12/2024,526.5,-0.006454
12/13/2024,530.53003,0.007654
12/16/2024,538.16998,0.014401
12/17/2024,535.79999,-0.004404
12/18/2024,516.46997,-0.036077
12/19/2024,514.16998,-0.004453
12/20/2024,518.65997,0.008733
12/23/2024,522.87,0.009726
12/24/2024,529.96002,0.01356
12/26/2024,529.59998,-0.000679
12/27/2024,522.56,-0.013293
12/30/2024,515.60999,-0.0133
12/31/2024,511.23001,-0.008495
