DATE,VIX,ret
1/4/2011,16.06,-0.001236
1/5/2011,15.57,0.005164
1/6/2011,15.71,-0.001715
1/7/2011,15.01,-0.001755
1/10/2011,15.81,-0.001549
1/11/2011,14.93,0.003829
1/12/2011,14.82,0.009032
1/13/2011,14.92,-0.001697
1/14/2011,14.3,0.007206
1/18/2011,16.34,0.001383
1/19/2011,17.74,-0.00996
1/20/2011,16.98,-0.001058
1/21/2011,17.32,0.002205
1/24/2011,17.38,0.005643
1/25/2011,17.75,0.0004
1/26/2011,16.27,0.00433
1/27/2011,15.07,0.002442
1/28/2011,21.25,-0.017916
1/31/2011,20.5,0.007465
2/1/2011,17.21,0.016542
2/2/2011,16.83,-0.00247
2/3/2011,15.38,0.002366
2/4/2011,14.19,0.002751
2/7/2011,15.33,0.006562
2/8/2011,14.56,0.004593
2/9/2011,14.3,-0.00273
2/10/2011,14.53,0.000744
2/11/2011,14.79,0.005651
2/14/2011,16.16,0.00241
2/15/2011,16.58,-0.003153
2/16/2011,16.87,0.006311
2/17/2011,15.81,0.003255
2/18/2011,14.92,0.001846
2/22/2011,22.09,-0.020693
2/23/2011,22.77,-0.006134
2/24/2011,21.51,-0.000795
2/25/2011,18.47,0.010296
2/28/2011,18.3,0.00512
3/1/2011,21.59,-0.015713
3/2/2011,20.78,0.002
3/3/2011,16.85,0.017027
3/4/2011,17.69,-0.00728
3/7/2011,20.97,-0.008306
3/8/2011,19.34,0.00911
3/9/2011,19.93,-0.001121
3/10/2011,22.89,-0.018763
3/11/2011,19.4,0.007394
3/14/2011,21.93,-0.005894
3/15/2011,25.9,-0.011073
3/16/2011,31.04,-0.019373
3/17/2011,28.62,0.012992
3/18/2011,25.31,0.004214
3/21/2011,21.02,0.015058
3/22/2011,20.17,-0.003353
3/23/2011,19.06,0.002916
3/24/2011,17.42,0.009368
3/25/2011,17.49,0.003189
3/28/2011,19.84,-0.002774
3/29/2011,17.46,0.007224
3/30/2011,16.98,0.00672
3/31/2011,16.31,-0.001745
4/1/2011,15.15,0.00489
4/4/2011,16.72,0.000419
4/5/2011,15.81,0.000089
4/6/2011,15.21,0.002602
4/7/2011,15.93,-0.001498
4/8/2011,17.21,-0.004034
4/11/2011,18.39,-0.002773
4/12/2011,18.93,-0.007576
4/13/2011,17.97,0.000442
4/14/2011,15.99,0.000048
4/15/2011,14.28,0.003814
4/18/2011,17.63,-0.011038
4/19/2011,15.91,0.005612
4/20/2011,15.04,0.013576
4/21/2011,13.03,0.005122
4/25/2011,15.05,-0.001707
4/26/2011,15.16,0.008955
4/27/2011,14.61,0.006537
4/28/2011,12.81,0.003553
4/29/2011,13.09,0.002303
5/2/2011,15.16,-0.00174
5/3/2011,15.71,-0.003341
5/4/2011,16.37,-0.006527
5/5/2011,18.87,-0.008979
5/6/2011,18.89,0.003919
5/9/2011,16.56,0.004444
5/10/2011,14.58,0.00807
5/11/2011,16.8,-0.010324
5/12/2011,15.1,0.005203
5/13/2011,17.13,-0.008049
5/16/2011,19.71,-0.006157
5/17/2011,18.33,-0.000167
5/18/2011,16.25,0.008827
5/19/2011,14.92,0.002355
5/20/2011,18.1,-0.007733
5/23/2011,18.87,-0.01192
5/24/2011,17.87,-0.000953
5/25/2011,16.83,0.003019
5/26/2011,14.62,0.004271
5/27/2011,14.79,0.004343
5/31/2011,14.89,0.010535
6/1/2011,19.1,-0.022642
6/2/2011,18.93,-0.001226
6/3/2011,17.99,-0.009755
6/6/2011,19.35,-0.010634
6/7/2011,18.41,-0.000794
6/8/2011,19.02,-0.004053
6/9/2011,18.11,0.007452
6/10/2011,18.92,-0.013762
6/13/2011,20.28,0.000999
6/14/2011,18.44,0.012595
6/15/2011,22.03,-0.017561
6/16/2011,24.63,0.001957
6/17/2011,23.13,0.003049
6/20/2011,20.74,0.005522
6/21/2011,20.18,0.013557
6/22/2011,18.64,-0.006441
6/23/2011,20.07,-0.002696
6/24/2011,22.47,-0.011903
6/27/2011,21.99,0.009232
6/28/2011,19.83,0.013162
6/29/2011,16.96,0.008388
6/30/2011,15.14,0.010084
7/1/2011,15.29,0.014493
7/5/2011,15.85,-0.001209
7/6/2011,15.66,0.001503
7/7/2011,15.29,0.010678
7/8/2011,15.56,-0.006843
7/11/2011,20.14,-0.018032
7/12/2011,21.5,-0.00443
7/13/2011,20.65,0.003165
7/14/2011,22.19,-0.006812
7/15/2011,19.82,0.005592
7/18/2011,22.13,-0.008152
7/19/2011,19.69,0.016329
7/20/2011,19.75,-0.000564
7/21/2011,17.54,0.013493
7/22/2011,16.96,0.000963
7/25/2011,20.4,-0.005611
7/26/2011,20.83,-0.00389
7/27/2011,24.41,-0.020252
7/28/2011,27.52,-0.003164
7/29/2011,30.35,-0.006379
8/1/2011,26.85,-0.004215
8/2/2011,27.78,-0.025576
8/3/2011,24.7,0.005456
8/4/2011,39.89,-0.047724
8/5/2011,37.58,-0.000673
8/8/2011,68,-0.066532
8/9/2011,43.38,0.04742
8/10/2011,56.66,-0.043752
8/11/2011,46.98,0.046185
8/12/2011,38.41,0.005184
8/15/2011,32.94,0.021687
8/16/2011,33.09,-0.00912
8/17/2011,31.22,0.001028
8/18/2011,46.55,-0.044372
8/19/2011,47.41,-0.014923
8/22/2011,44.57,0.000358
8/23/2011,37.81,0.034443
8/24/2011,37.43,0.013181
8/25/2011,44.08,-0.01556
8/26/2011,36.34,0.015294
8/29/2011,33.39,0.028404
8/30/2011,34.67,0.002626
8/31/2011,32.33,0.0051
9/1/2011,31.78,-0.011889
9/2/2011,31.94,-0.0251
9/6/2011,39.24,-0.00728
9/7/2011,32.44,0.029003
9/8/2011,34.41,-0.010623
9/9/2011,40.42,-0.02663
9/12/2011,40.45,0.007052
9/13/2011,37.63,0.009622
9/14/2011,35.03,0.013543
9/15/2011,32.79,0.017299
9/16/2011,32.52,0.005782
9/19/2011,34.6,-0.00972
9/20/2011,34.49,-0.001807
9/21/2011,37.76,-0.029179
9/22/2011,43.49,-0.032021
9/23/2011,42.66,0.00636
9/26/2011,40.17,0.023156
9/27/2011,38.93,0.010558
9/28/2011,42.81,-0.020291
9/29/2011,39.79,0.007898
9/30/2011,43.73,-0.024877
10/3/2011,48.64,-0.028378
10/4/2011,41.47,0.022528
10/5/2011,37.58,0.018251
10/6/2011,34.96,0.018483
10/7/2011,33.62,-0.007992
10/10/2011,31.3,0.034095
10/11/2011,30.01,0.000593
10/12/2011,29.02,0.009966
10/13/2011,27.71,-0.002926
10/14/2011,26.49,0.017327
10/17/2011,33.95,-0.019308
10/18/2011,32.21,0.020516
10/19/2011,34.7,-0.012532
10/20/2011,36.7,0.004447
10/21/2011,32.15,0.018775
10/24/2011,30.19,0.013029
10/25/2011,33.57,-0.020037
10/26/2011,30.33,0.01024
10/27/2011,24.95,0.034398
10/28/2011,23.03,0.00042
10/31/2011,30.88,-0.02482
11/1/2011,36.72,-0.027867
11/2/2011,33.06,0.016246
11/3/2011,29.5,0.018892
11/4/2011,28.43,-0.006251
11/7/2011,28.39,0.006382
11/8/2011,24.57,0.012425
11/9/2011,38.14,-0.036672
11/10/2011,32.13,0.008642
11/11/2011,28.03,0.019601
11/14/2011,31.23,-0.009364
11/15/2011,31.57,0.004751
11/16/2011,34.12,-0.016475
11/17/2011,32.62,-0.016845
11/18/2011,30.26,-0.000391
11/21/2011,33.34,-0.018651
11/22/2011,31.03,-0.004026
11/23/2011,33.6,-0.021966
11/25/2011,33.95,-0.002483
11/28/2011,31.88,0.02921
11/29/2011,30.4,0.002616
11/30/2011,27.43,0.043306
12/1/2011,27,-0.001804
12/2/2011,27.78,-0.000335
12/5/2011,28.84,0.01046
12/6/2011,28.5,0.001126
12/7/2011,30.19,0.002277
12/8/2011,31.62,-0.021145
12/9/2011,24.44,0.016952
12/12/2011,25.99,-0.014884
12/13/2011,25.63,-0.008641
12/14/2011,25.62,-0.011194
12/15/2011,24.07,0.003335
12/16/2011,22.76,0.003289
12/19/2011,23.16,-0.011844
12/20/2011,21.55,0.029901
12/21/2011,20.62,0.001647
12/22/2011,19.72,0.008384
12/23/2011,17.81,0.009031
12/27/2011,20.6,-0.000069
12/28/2011,22.42,-0.012235
12/29/2011,19.42,0.010645
12/30/2011,19.36,-0.004231
1/3/2012,20.63,0.015377
1/4/2012,19.32,0.000388
1/5/2012,18.25,0.002898
1/6/2012,17.01,-0.002191
1/9/2012,17.61,0.00233
1/10/2012,17.48,0.008934
1/11/2012,17.12,0.000413
1/12/2012,16.65,0.002413
1/13/2012,17.69,-0.004854
1/17/2012,22.07,0.003456
1/18/2012,20.67,0.011388
1/19/2012,17.41,0.005104
1/20/2012,16.12,0.00079
1/23/2012,18.12,0.00043
1/24/2012,18.08,-0.000916
1/25/2012,17.36,0.008514
1/26/2012,16.4,-0.005659
1/27/2012,16.63,-0.001511
1/30/2012,18.47,-0.002354
1/31/2012,18.44,-0.000399
2/1/2012,16.87,0.009247
2/2/2012,15.78,0.001258
2/3/2012,15.34,0.014701
2/6/2012,16.64,-0.000504
2/7/2012,16.11,0.001982
2/8/2012,16.33,0.002557
2/9/2012,16.56,0.001659
2/10/2012,19.66,-0.00698
2/13/2012,18.45,0.006931
2/14/2012,19.23,-0.000729
2/15/2012,21.26,-0.005095
2/16/2012,17.12,0.01127
2/17/2012,16.23,0.002396
2/21/2012,17.44,0.000416
2/22/2012,17.09,-0.003431
2/23/2012,14.83,0.004499
2/24/2012,15.09,0.001959
2/27/2012,16.94,0.001445
2/28/2012,16.57,0.003637
2/29/2012,16.85,-0.004444
3/1/2012,15.06,0.006162
3/2/2012,14.44,-0.003038
3/5/2012,15.98,-0.00373
3/6/2012,20.1,-0.015343
3/7/2012,17.37,0.007335
3/8/2012,16.98,0.009748
3/9/2012,15.3,0.003565
3/12/2012,15.54,0.000227
3/13/2012,16.35,0.018365
3/14/2012,16.72,-0.001188
3/15/2012,14.29,0.006001
3/16/2012,13.47,0.001059
3/19/2012,14.62,0.003784
3/20/2012,15.31,-0.002844
3/21/2012,15.37,-0.001866
3/22/2012,15.9,-0.007124
3/23/2012,14.33,0.003121
3/26/2012,14.3,0.013912
3/27/2012,15.43,-0.002598
3/28/2012,14.93,-0.004714
3/29/2012,14.55,-0.001632
3/30/2012,14.2,0.00373
4/2/2012,14.77,0.007407
4/3/2012,14.36,-0.003787
4/4/2012,12.92,-0.010034
4/5/2012,14.7,-0.000117
4/9/2012,17.87,-0.011358
4/10/2012,19.84,-0.017067
4/11/2012,18.69,0.007588
4/12/2012,15.99,0.013798
4/13/2012,19.07,-0.012421
4/16/2012,20.13,-0.00045
4/17/2012,18.84,0.015507
4/18/2012,18.85,-0.003952
4/19/2012,18.09,-0.005824
4/20/2012,16.85,0.00137
4/23/2012,19.1,-0.008769
4/24/2012,17.87,0.003327
4/25/2012,16.14,0.013676
4/26/2012,14.7,0.007024
4/27/2012,14.65,0.002704
4/30/2012,16.55,-0.003841
5/1/2012,15.63,0.005573
5/2/2012,16.23,-0.002329
5/3/2012,16.94,-0.00757
5/4/2012,18.42,-0.016202
5/7/2012,18.46,0.000175
5/8/2012,19.09,-0.004166
5/9/2012,20.24,-0.006242
5/10/2012,18.64,0.002691
5/11/2012,20.19,-0.003215
5/14/2012,22.56,-0.011019
5/15/2012,22.63,-0.005451
5/16/2012,22.41,-0.004271
5/17/2012,25.44,-0.014673
5/18/2012,26.6,-0.007276
5/21/2012,21.93,0.016123
5/22/2012,22.03,0.000573
5/23/2012,21.75,0.001839
5/24/2012,19.22,0.001519
5/25/2012,19.21,-0.00208
5/29/2012,19.48,0.011299
5/30/2012,23.39,-0.014079
5/31/2012,22.41,-0.002107
6/1/2012,26.2,-0.024708
6/4/2012,24.67,0.000295
6/5/2012,23.17,0.005835
6/6/2012,19.31,0.023073
6/7/2012,19.62,0.000014
6/8/2012,19.85,0.008371
6/11/2012,26.39,-0.012739
6/12/2012,24.22,0.011654
6/13/2012,26.19,-0.006675
6/14/2012,25.22,0.01073
6/15/2012,24.32,0.010421
6/18/2012,19.17,0.001494
6/19/2012,19.53,0.009845
6/20/2012,17.44,-0.001449
6/21/2012,20.92,-0.022091
6/22/2012,17.94,0.007081
6/25/2012,20.4,-0.015578
6/26/2012,18.74,0.004758
6/27/2012,17.12,0.008995
6/28/2012,18.14,-0.002167
6/29/2012,15.01,0.025166
7/2/2012,15.11,0.002405
7/3/2012,14.68,0.006713
7/5/2012,15.78,-0.004557
7/6/2012,15.01,-0.009039
7/9/2012,17.13,-0.001629
7/10/2012,18.1,-0.008019
7/11/2012,17.26,-0.00002
7/12/2012,18.01,-0.00503
7/13/2012,14.7,0.016617
7/16/2012,16.53,-0.002319
7/17/2012,15.63,0.007375
7/18/2012,15,0.006779
7/19/2012,14.32,0.002712
7/20/2012,15.61,-0.009819
7/23/2012,19.02,-0.009045
7/24/2012,21.16,-0.009039
7/25/2012,19.31,-0.000343
7/26/2012,17.8,0.016661
7/27/2012,16.3,0.019238
7/30/2012,18.86,-0.000306
7/31/2012,19.86,-0.004437
8/1/2012,20.79,-0.003073
8/2/2012,16.64,-0.007161
8/3/2012,14.2,0.019034
8/6/2012,14.85,0.002376
8/7/2012,14.68,0.005174
8/8/2012,13.52,0.001014
8/9/2012,13,0.000757
8/10/2012,12.45,0.002143
8/13/2012,13.15,-0.001029
8/14/2012,13.02,0.000231
8/15/2012,12.37,0.001656
8/16/2012,12.35,0.006944
8/17/2012,11.5,0.00186
8/20/2012,12.24,-0.000025
8/21/2012,13.21,-0.003603
8/22/2012,13.15,0.00025
8/23/2012,13.67,-0.007941
8/24/2012,13.1,0.006713
8/27/2012,14.89,-0.000408
8/28/2012,15.21,-0.000706
8/29/2012,15.29,0.001133
8/30/2012,16.87,-0.007663
8/31/2012,15.73,0.005188
9/4/2012,17.43,-0.000936
9/5/2012,17.9,-0.000866
9/6/2012,14.98,0.02038
9/7/2012,13.25,0.00401
9/10/2012,16.94,-0.006136
9/11/2012,16.94,0.003175
9/12/2012,15.95,0.002338
9/13/2012,14.46,0.016295
9/14/2012,14.12,0.004019
9/17/2012,14.1,-0.003166
9/18/2012,13.44,-0.001285
9/19/2012,13.07,0.00121
9/20/2012,12.89,-0.00045
9/21/2012,13.22,-0.000178
9/24/2012,13.23,-0.002032
9/25/2012,14.8,-0.010525
9/26/2012,16.44,-0.005537
9/27/2012,14.05,0.009581
9/28/2012,15.24,-0.004484
10/1/2012,15.63,0.002764
10/2/2012,14.56,0.000982
10/3/2012,14.11,0.003885
10/4/2012,13.43,0.00725
10/5/2012,12.23,-0.000007
10/8/2012,14.17,-0.003299
10/9/2012,15.98,-0.009926
10/10/2012,15.93,-0.005926
10/11/2012,14.47,0.000422
10/12/2012,15.49,-0.002788
10/15/2012,14.32,0.008098
10/16/2012,13.57,0.010142
10/17/2012,13.22,0.004166
10/18/2012,13.65,-0.00245
10/19/2012,17.64,-0.01652
10/22/2012,16.78,0.000409
10/23/2012,20.61,-0.014309
10/24/2012,18.94,-0.003034
10/25/2012,18.27,0.002776
10/26/2012,16.8,-0.000458
10/31/2012,19.15,0.000391
11/1/2012,17.35,0.010576
11/2/2012,18.51,-0.009219
11/5/2012,20.45,0.002231
11/6/2012,19.3,0.008003
11/7/2012,19.87,-0.022644
11/8/2012,18.18,-0.012236
11/9/2012,18.5,0.001589
11/12/2012,16.27,0.000099
11/13/2012,16.25,-0.003716
11/14/2012,18.67,-0.013501
11/15/2012,18.93,-0.001847
11/16/2012,17.06,0.004933
11/19/2012,15.57,0.019683
11/20/2012,15.24,0.000789
11/21/2012,15.33,0.002384
11/23/2012,15.25,0.013213
11/26/2012,16.01,-0.002008
11/27/2012,16.12,-0.005096
11/28/2012,15.72,0.008316
11/29/2012,15.2,0.004408
11/30/2012,15.81,0.000344
12/3/2012,17.1,-0.004831
12/4/2012,17.19,-0.00152
12/5/2012,15.98,0.001923
12/6/2012,15.95,0.003442
12/7/2012,15.25,0.003084
12/10/2012,15.16,0.00038
12/11/2012,15.21,0.006462
12/12/2012,15.26,0.000242
12/13/2012,15.77,-0.005975
12/14/2012,16.49,-0.003964
12/17/2012,16.57,0.011723
12/18/2012,16.22,0.011496
12/19/2012,18.47,-0.007328
12/20/2012,19.04,0.005499
12/21/2012,18.2,-0.009196
12/24/2012,20.12,-0.002297
12/26/2012,21.48,-0.004901
12/27/2012,21.68,-0.001007
12/28/2012,26.93,-0.010917
12/31/2012,20.27,0.016572
1/2/2013,12.94,0.025611
1/3/2013,13.3,-0.002199
1/4/2013,11.62,0.004998
1/7/2013,11.99,-0.003084
1/8/2013,11.76,-0.002897
1/9/2013,11.6,0.002726
1/10/2013,11.17,0.007413
1/11/2013,11.22,0.000174
1/14/2013,12.15,-0.000932
1/15/2013,12.05,0.001299
1/16/2013,11.83,0.000271
1/17/2013,12.39,0.005619
1/18/2013,10.9,0.00351
1/22/2013,11.21,0.004398
1/23/2013,11.04,0.001432
1/24/2013,11.12,0.000273
1/25/2013,11.63,0.005407
1/28/2013,13.01,-0.001824
1/29/2013,13.16,0.004958
1/30/2013,14.24,-0.003316
1/31/2013,14.03,-0.002475
2/1/2013,10.85,0.010003
2/4/2013,14.25,-0.011541
2/5/2013,12.78,0.010499
2/6/2013,12.04,0.000737
2/7/2013,12.03,-0.001367
2/8/2013,11.38,0.005602
2/11/2013,11.86,-0.00057
2/12/2013,11.05,0.001607
2/13/2013,11.09,0.001055
2/14/2013,10.81,0.00065
2/15/2013,10.79,-0.00119
2/19/2013,11.43,0.007348
2/20/2013,15.36,-0.012237
2/21/2013,16.01,-0.005934
2/22/2013,14.58,0.008918
2/25/2013,21.87,-0.018226
2/26/2013,18.11,0.00626
2/27/2013,14.91,0.012895
2/28/2013,15.99,-0.000953
3/1/2013,14.55,0.002466
3/4/2013,12.93,0.004884
3/5/2013,12.54,0.009513
3/6/2013,12.22,0.00135
3/7/2013,11.69,0.001911
3/8/2013,10.77,0.004463
3/11/2013,11.25,0.003298
3/12/2013,12.48,-0.002194
3/13/2013,11.42,0.001664
3/14/2013,11.08,0.005496
3/15/2013,10.5,-0.001658
3/18/2013,13.46,-0.005454
3/19/2013,14.84,-0.00236
3/20/2013,13.65,0.006787
3/21/2013,16.01,-0.008485
3/22/2013,15.23,0.007153
3/25/2013,14.22,-0.00332
3/26/2013,11.75,0.008095
3/27/2013,12.29,-0.000461
3/28/2013,11.03,0.004015
4/1/2013,12.97,-0.004271
4/2/2013,11.62,0.005018
4/3/2013,14.3,-0.010349
4/4/2013,13.62,0.004128
4/5/2013,13.59,-0.004222
4/8/2013,13.15,0.006677
4/9/2013,12.42,0.003805
4/10/2013,11.47,0.012105
4/11/2013,11.05,0.003536
4/12/2013,11.37,-0.002725
4/15/2013,20.67,-0.022746
4/16/2013,14.41,0.014195
4/17/2013,18.77,-0.014184
4/18/2013,19.3,-0.00668
4/19/2013,15.25,0.008838
4/22/2013,14.85,0.004653
4/23/2013,13.09,0.010427
4/24/2013,13.32,0.000125
4/25/2013,13,0.0042
4/26/2013,12.85,-0.00188
4/29/2013,13.5,0.0071
4/30/2013,13.37,0.002534
5/1/2013,15.03,-0.009213
5/2/2013,13.03,0.009456
5/3/2013,11.68,0.010695
5/6/2013,11.64,0.001785
5/7/2013,11.73,0.005245
5/8/2013,11.27,0.004475
5/9/2013,11.97,-0.003264
5/10/2013,11.15,0.004434
5/13/2013,13.08,0.000144
5/14/2013,13.33,0.010441
5/15/2013,13.63,0.005529
5/16/2013,13.27,-0.004957
5/17/2013,12.6,0.010277
5/20/2013,13.14,-0.00068
5/21/2013,13.56,0.001665
5/22/2013,14.05,-0.008264
5/23/2013,14.07,-0.002871
5/24/2013,13.19,-0.000402
5/28/2013,15.6,0.006402
5/29/2013,15.76,-0.007039
5/30/2013,14.69,0.003664
5/31/2013,16.7,-0.014153
6/3/2013,17.24,0.006028
6/4/2013,16.89,-0.005431
6/5/2013,18.54,-0.013435
6/6/2013,17.25,0.008539
6/7/2013,14.21,0.012915
6/10/2013,15.16,-0.00031
6/11/2013,17.47,-0.01023
6/12/2013,19.1,-0.008146
6/13/2013,15.62,0.014841
6/14/2013,16.9,-0.005876
6/17/2013,17.24,0.007613
6/18/2013,17.62,0.007811
6/19/2013,17.62,-0.013912
6/20/2013,23.4,-0.024876
6/21/2013,20.56,0.002352
6/24/2013,22.32,-0.011854
6/25/2013,18.98,0.009489
6/26/2013,17.02,0.00984
6/27/2013,16.1,0.006371
6/28/2013,15.98,-0.004367
7/1/2013,16.07,0.005481
7/2/2013,15.56,-0.000412
7/3/2013,15.94,0.000831
7/5/2013,13.08,0.010113
7/8/2013,14.22,0.005695
7/9/2013,13.45,0.007262
7/10/2013,13.51,0.000236
7/11/2013,13.04,0.013691
7/12/2013,12.33,0.003009
7/15/2013,13.05,0.001522
7/16/2013,13.62,-0.003745
7/17/2013,12.57,0.00283
7/18/2013,12.48,0.005011
7/19/2013,11.61,0.001503
7/22/2013,11.79,0.002035
7/23/2013,12.58,-0.00175
7/24/2013,13.13,-0.003726
7/25/2013,12.82,0.0025
7/26/2013,11.97,0.000813
7/29/2013,13.23,-0.003651
7/30/2013,13.53,0.000527
7/31/2013,13.33,-0.000103
8/1/2013,12.25,0.012504
8/2/2013,10.2,0.001666
8/5/2013,10.61,-0.001412
8/6/2013,11.8,-0.005701
8/7/2013,11.95,-0.003545
8/8/2013,11.52,0.004056
8/9/2013,13.23,-0.003307
8/12/2013,13.68,-0.001138
8/13/2013,12.67,0.002888
8/14/2013,13.28,-0.004962
8/15/2013,16.43,-0.014269
8/16/2013,15.71,-0.003337
8/19/2013,15.49,-0.005888
8/20/2013,14.27,0.00387
8/21/2013,15.21,-0.005602
8/22/2013,12.99,0.008594
8/23/2013,11.82,0.004166
8/26/2013,13.93,-0.00402
8/27/2013,16.04,-0.015764
8/28/2013,15.47,0.002691
8/29/2013,15.41,0.002221
8/30/2013,15.87,-0.002944
9/3/2013,15.97,0.004108
9/4/2013,14.28,0.008289
9/5/2013,14.38,0.001261
9/6/2013,14.57,0.000194
9/9/2013,15.01,0.010143
9/10/2013,13.35,0.007445
9/11/2013,12.31,0.003132
9/12/2013,13.03,-0.003058
9/13/2013,12.6,0.002824
9/16/2013,14.04,0.005725
9/17/2013,14.49,0.004337
9/18/2013,13.4,0.012281
9/19/2013,12.03,-0.001648
9/20/2013,12.42,-0.00718
9/23/2013,13.97,-0.004703
9/24/2013,13.75,-0.002512
9/25/2013,13.79,-0.002835
9/26/2013,14.12,0.003647
9/27/2013,16.22,-0.004064
9/30/2013,17.73,-0.006004
10/1/2013,14.67,0.007948
10/2/2013,15.81,-0.000453
10/3/2013,17.58,-0.008983
10/4/2013,16.62,0.006997
10/7/2013,20.18,-0.008653
10/8/2013,21.87,-0.011835
10/9/2013,20.39,0.000665
10/10/2013,17.34,0.022
10/11/2013,16.8,0.006247
10/14/2013,19.1,0.004028
10/15/2013,23.54,-0.007049
10/16/2013,16.18,0.013931
10/17/2013,12.93,0.006748
10/18/2013,12.91,0.006599
10/21/2013,12.79,0.000049
10/22/2013,12.73,0.00581
10/23/2013,12.37,-0.00477
10/24/2013,11.95,0.003382
10/25/2013,11.59,0.004538
10/28/2013,12.03,0.001408
10/29/2013,12.57,0.005638
10/30/2013,12.98,-0.004725
10/31/2013,12.62,-0.003629
11/1/2013,12.1,0.002812
11/4/2013,11.81,0.003611
11/5/2013,12.14,-0.002643
11/6/2013,11.61,0.004945
11/7/2013,13.19,-0.013047
11/8/2013,11.97,0.013383
11/11/2013,12.63,0.000868
11/12/2013,13.02,-0.00221
11/13/2013,12.75,0.008407
11/14/2013,11.69,0.005032
11/15/2013,11.16,0.004164
11/18/2013,11.8,-0.003615
11/19/2013,11.87,-0.001941
11/20/2013,12.03,-0.003578
11/21/2013,10.71,0.008144
11/22/2013,10.34,0.005076
11/25/2013,11.52,-0.00113
11/26/2013,11.55,0.000306
11/27/2013,11.66,0.002797
11/29/2013,13.59,-0.000704
12/2/2013,14.3,-0.002526
12/3/2013,14.68,-0.003192
12/4/2013,14.71,-0.001071
12/5/2013,15.42,-0.004448
12/6/2013,12.7,0.011338
12/9/2013,13.52,0.001871
12/10/2013,14.65,-0.003295
12/11/2013,17.36,-0.011122
12/12/2013,16.61,-0.003588
12/13/2013,17.23,-0.000063
12/16/2013,17.12,0.006329
12/17/2013,17.06,-0.003089
12/18/2013,12.95,0.016609
12/19/2013,12.78,-0.000494
12/20/2013,12.73,0.005032
12/23/2013,12.23,0.005333
12/24/2013,11.11,0.003015
12/26/2013,10.92,0.004784
12/27/2013,11.48,-0.000212
12/30/2013,12.99,-0.000111
12/31/2013,13.75,0.003983
1/2/2014,13.83,-0.008595
1/3/2014,12.17,-0.000275
1/6/2014,12.51,-0.002495
1/7/2014,11.57,0.00609
1/8/2014,11.62,0.000057
1/9/2014,11.75,0.000369
1/10/2014,9.97,0.002358
1/13/2014,13.09,-0.012525
1/14/2014,11.31,0.010866
1/15/2014,10.64,0.005061
1/16/2014,11.09,-0.001358
1/17/2014,11.46,-0.003801
1/21/2014,12.46,0.002789
1/22/2014,12.3,0.000648
1/23/2014,14.21,-0.008917
1/24/2014,20.84,-0.020885
1/27/2014,19.04,-0.004946
1/28/2014,17.29,0.006288
1/29/2014,19.4,-0.010172
1/30/2014,17.95,0.011494
1/31/2014,19.32,-0.00664
2/3/2014,23.95,-0.022957
2/4/2014,20.37,0.007695
2/5/2014,21.3,-0.001722
2/6/2014,18.67,0.012905
2/7/2014,14.51,0.013283
2/10/2014,14.22,0.001672
2/11/2014,13.04,0.011133
2/12/2014,12.67,0.00019
2/13/2014,12.06,0.006053
2/14/2014,10.84,0.004822
2/18/2014,12.18,0.001301
2/19/2014,13.9,-0.006349
2/20/2014,13.25,0.006132
2/21/2014,13.04,-0.001748
2/24/2014,13.55,0.00627
2/25/2014,12.86,-0.001301
2/26/2014,13.27,0.000376
2/27/2014,12.42,0.004977
2/28/2014,13.03,0.002726
3/3/2014,16.21,-0.007366
3/4/2014,13.22,0.015324
3/5/2014,12.49,0.000157
3/6/2014,13.08,0.001736
3/7/2014,12.74,0.00055
3/10/2014,13.14,-0.000494
3/11/2014,14.13,-0.005036
3/12/2014,13.85,0.000613
3/13/2014,17.21,-0.011595
3/14/2014,20.64,-0.002778
3/17/2014,15.87,0.009605
3/18/2014,14.23,0.007293
3/19/2014,15,-0.006192
3/20/2014,14.22,0.006026
3/21/2014,14.7,-0.002971
3/24/2014,15.3,-0.004746
3/25/2014,13.87,0.004417
3/26/2014,15.56,-0.007022
3/27/2014,15.17,-0.001715
3/28/2014,14.41,0.004673
3/31/2014,13.75,0.007985
4/1/2014,12.29,0.007171
4/2/2014,12.13,0.003009
4/3/2014,12.53,-0.001183
4/4/2014,13.18,-0.012602
4/7/2014,16.08,-0.01067
4/8/2014,14.51,0.004302
4/9/2014,12.69,0.011019
4/10/2014,16.5,-0.02101
4/11/2014,17.64,-0.009449
4/14/2014,16,0.00828
4/15/2014,15.03,0.006704
4/16/2014,13.52,0.010552
4/17/2014,11.68,0.001344
4/21/2014,12.99,0.00374
4/22/2014,12.51,0.004066
4/23/2014,12.67,-0.00215
4/24/2014,13.27,0.001664
4/25/2014,13.94,-0.008293
4/28/2014,14.08,0.003237
4/29/2014,13.63,0.004857
4/30/2014,12.73,0.003123
5/1/2014,12.58,-0.000047
5/2/2014,11.23,-0.001378
5/5/2014,12.25,0.001898
5/6/2014,13.19,-0.008985
5/7/2014,12.82,0.00596
5/8/2014,12.51,-0.001097
5/9/2014,11.17,0.001806
5/12/2014,11.2,0.009899
5/13/2014,10.75,0.000701
5/14/2014,11.16,-0.004558
5/15/2014,13.35,-0.009363
5/16/2014,11,0.003727
5/19/2014,11.01,0.003886
5/20/2014,12.21,-0.006523
5/21/2014,10.47,0.00826
5/22/2014,10.27,0.00244
5/23/2014,9.49,0.004329
5/27/2014,10.65,0.005997
5/28/2014,10.58,-0.001014
5/29/2014,10.31,0.005499
5/30/2014,9.73,0.00189
6/2/2014,10.47,0.000832
6/3/2014,11.01,-0.000387
6/4/2014,11.59,0.002108
6/5/2014,10.88,0.006645
6/6/2014,9.25,0.004822
6/9/2014,9.77,0.000962
6/10/2014,9.52,-0.000262
6/11/2014,10.45,-0.003447
6/12/2014,11.99,-0.006838
6/13/2014,11.48,0.003143
6/16/2014,12.54,0.000825
6/17/2014,12.68,0.002241
6/18/2014,10.55,0.007848
6/19/2014,10.07,0.001311
6/20/2014,10.33,0.001691
6/23/2014,10.27,-0.000019
6/24/2014,12.01,-0.006352
6/25/2014,11.11,0.004824
6/26/2014,11.26,-0.001148
6/27/2014,10.65,0.002066
6/30/2014,11.17,-0.000311
7/1/2014,10.05,0.006864
7/2/2014,9.42,0.000656
7/3/2014,8.54,0.005392
7/7/2014,10.47,-0.003839
7/8/2014,11.64,-0.006723
7/9/2014,10.48,0.004662
7/10/2014,12.08,-0.004144
7/11/2014,11.15,0.001618
7/14/2014,10.62,0.004856
7/15/2014,11.08,-0.001933
7/16/2014,10.26,0.004352
7/17/2014,16.23,-0.011614
7/18/2014,12.05,0.01024
7/21/2014,12.95,-0.00226
7/22/2014,11.54,0.00496
7/23/2014,10.83,0.001766
7/24/2014,10.88,0.000464
7/25/2014,11.84,-0.004938
7/28/2014,12.02,0.000228
7/29/2014,13.47,-0.004485
7/30/2014,13.29,0.000195
7/31/2014,19.59,-0.019929
8/1/2014,19.01,-0.002982
8/4/2014,14.87,0.007143
8/5/2014,17.18,-0.009499
8/6/2014,16.25,0.000378
8/7/2014,16.76,-0.005303
8/8/2014,15.39,0.011524
8/11/2014,14.84,0.002901
8/12/2014,14.49,-0.001668
8/13/2014,12.63,0.006939
8/14/2014,12.29,0.00436
8/15/2014,14.34,0.000085
8/18/2014,12.07,0.008628
8/19/2014,11,0.005292
8/20/2014,10.8,0.002524
8/21/2014,10.94,0.002979
8/22/2014,10.08,-0.001758
8/25/2014,10.42,0.004783
8/26/2014,10.14,0.00109
8/27/2014,9.89,0.000132
8/28/2014,10.34,-0.001583
8/29/2014,10,0.003363
9/2/2014,10.32,-0.000439
9/3/2014,10.83,-0.000566
9/4/2014,11.8,-0.001383
9/5/2014,10.27,0.005057
9/8/2014,12.05,-0.002982
9/9/2014,13.33,-0.006551
9/10/2014,12.74,0.003676
9/11/2014,12.07,0.001135
9/12/2014,13.28,-0.00591
9/15/2014,15.27,-0.000819
9/16/2014,13.21,0.007541
9/17/2014,11.81,0.001261
9/18/2014,11.05,0.005027
9/19/2014,10.41,-0.000442
9/22/2014,13.46,-0.008037
9/23/2014,15.6,-0.005735
9/24/2014,12.89,0.007993
9/25/2014,15.94,-0.016122
9/26/2014,15.04,0.008738
9/29/2014,16.11,-0.002507
9/30/2014,16.76,-0.002649
10/1/2014,16.72,-0.013082
10/2/2014,15.93,0.000146
10/3/2014,13.86,0.011167
10/6/2014,15.31,-0.00149
10/7/2014,16.9,-0.015091
10/8/2014,14.59,0.017686
10/9/2014,21.62,-0.020569
10/10/2014,21.95,-0.011289
10/13/2014,27.22,-0.016466
10/14/2014,24.61,0.001633
10/15/2014,31.12,-0.008094
10/16/2014,30.48,0.000073
10/17/2014,23.81,0.012737
10/20/2014,19.45,0.009183
10/21/2014,16.38,0.019484
10/22/2014,18.36,-0.007091
10/23/2014,16.12,0.012181
10/24/2014,14.76,0.006866
10/27/2014,16.09,-0.001469
10/28/2014,14.39,0.011817
10/29/2014,14.9,-0.00129
10/30/2014,14,0.006384
10/31/2014,13.8,0.011692
11/3/2014,14.77,-0.000161
11/4/2014,14.81,-0.002762
11/5/2014,13.35,0.005923
11/6/2014,12.65,0.004119
11/7/2014,11.13,0.000677
11/10/2014,11.32,0.003279
11/11/2014,11.54,0.000677
11/12/2014,11.39,-0.000444
11/13/2014,11.97,0.000912
11/14/2014,11.35,0.000423
11/17/2014,11.42,0.000814
11/18/2014,11.49,0.005303
11/19/2014,11.42,-0.001267
11/20/2014,10.91,0.001877
11/21/2014,10.45,0.005325
11/24/2014,11.15,0.002893
11/25/2014,10.81,-0.00114
11/26/2014,11.12,0.003037
11/28/2014,12.98,-0.002131
12/1/2014,14.63,-0.006999
12/2/2014,12.57,0.006352
12/3/2014,12.16,0.003846
12/4/2014,11.88,-0.001108
12/5/2014,10.7,0.001607
12/8/2014,15.47,-0.007021
12/9/2014,15.27,-0.000191
12/10/2014,21.71,-0.016261
12/11/2014,22.08,0.004852
12/12/2014,23.82,-0.016058
12/15/2014,21.16,-0.006143
12/16/2014,24.25,-0.008611
12/17/2014,18.04,0.020318
12/18/2014,14.46,0.024296
12/19/2014,13.77,0.004482
12/22/2014,12.7,0.004086
12/23/2014,11.1,0.001904
12/24/2014,10.35,-0.000148
12/26/2014,12.09,0.00331
12/29/2014,12.79,0.000948
12/30/2014,13.86,-0.004736
12/31/2014,18.95,-0.010244
1/2/2015,16.47,-0.000165
1/5/2015,19.45,-0.018112
1/6/2015,20.53,-0.008869
1/7/2015,17.59,0.01211
1/8/2015,15.04,0.01783
1/9/2015,15.2,-0.0084
1/12/2015,18.2,-0.00798
1/13/2015,19.63,-0.00256
1/14/2015,21.23,-0.005905
1/15/2015,23.73,-0.009149
1/16/2015,21.48,0.013317
1/20/2015,21.94,0.001686
1/21/2015,20.36,0.004874
1/22/2015,15.58,0.015301
1/23/2015,16.08,-0.005362
1/26/2015,14.89,0.002496
1/27/2015,17.56,-0.013292
1/28/2015,21.78,-0.013338
1/29/2015,18.78,0.009638
1/30/2015,21.17,-0.012832
2/2/2015,19.39,0.012851
2/3/2015,16.54,0.014306
2/4/2015,17.48,-0.003814
2/5/2015,15.31,0.010546
2/6/2015,14.93,-0.003109
2/9/2015,16.88,-0.004306
2/10/2015,15.2,0.010838
2/11/2015,14.28,0.000204
2/12/2015,12.36,0.009823
2/13/2015,11.76,0.004083
2/17/2015,13.55,0.001687
2/18/2015,12.4,-0.000217
2/19/2015,12.34,-0.000949
2/20/2015,11.74,0.006179
2/23/2015,12.16,-0.000249
2/24/2015,10.94,0.002685
2/25/2015,11.64,-0.000578
2/26/2015,11.38,-0.001256
2/27/2015,10.6,-0.002875
3/2/2015,10.85,0.00627
3/3/2015,11.81,-0.004584
3/4/2015,12.28,-0.004182
3/5/2015,12.16,0.001384
3/6/2015,14.31,-0.014191
3/9/2015,14.2,0.004038
3/10/2015,16.72,-0.016802
3/11/2015,16.78,-0.001821
3/12/2015,15.04,0.012985
3/13/2015,15.25,-0.005975
3/16/2015,16.15,0.013627
3/17/2015,16.72,-0.003348
3/18/2015,13.85,0.012142
3/19/2015,12.89,-0.00484
3/20/2015,10.73,0.009113
3/23/2015,12.03,-0.001711
3/24/2015,12.24,-0.005943
3/25/2015,15.28,-0.014651
3/26/2015,15.92,-0.002283
3/27/2015,14.69,0.002482
3/30/2015,14.31,0.012275
3/31/2015,15.5,-0.008564
4/1/2015,14.29,-0.003964
4/2/2015,13.91,0.003517
4/6/2015,14.16,0.006606
4/7/2015,13.9,-0.002077
4/8/2015,12.8,0.003188
4/9/2015,11.41,0.004435
4/10/2015,9.91,0.005049
4/13/2015,12.49,-0.004475
4/14/2015,11.72,0.001618
4/15/2015,10.59,0.005081
4/16/2015,10.74,-0.000811
4/17/2015,12.91,-0.011408
4/20/2015,12.62,0.009185
4/21/2015,12.58,-0.001377
4/22/2015,11.83,0.005124
4/23/2015,11.84,0.002476
4/24/2015,10.86,0.00243
4/27/2015,12.72,-0.004142
4/28/2015,11.87,0.002747
4/29/2015,13.26,-0.003773
4/30/2015,15.06,-0.010055
5/1/2015,11.77,0.010831
5/4/2015,12.01,0.002882
5/5/2015,14.64,-0.011716
5/6/2015,16.05,-0.004029
5/7/2015,15.59,0.004091
5/8/2015,11.32,0.01338
5/11/2015,13.41,-0.004815
5/12/2015,13.82,-0.00281
5/13/2015,13.49,-0.000103
5/14/2015,11.59,0.010902
5/15/2015,10.77,0.000819
5/18/2015,11.01,0.003104
5/19/2015,11.15,-0.000774
5/20/2015,10.48,-0.000843
5/21/2015,9.95,0.002523
5/22/2015,9.6,-0.002228
5/26/2015,13.32,-0.010319
5/27/2015,11.93,0.009336
5/28/2015,12.23,-0.001115
5/29/2015,13.67,-0.006246
6/1/2015,13.85,0.002189
6/2/2015,13.99,-0.000941
6/3/2015,12.7,0.002344
6/4/2015,15.02,-0.008604
6/5/2015,13.7,-0.001427
6/8/2015,15.89,-0.006372
6/9/2015,15.05,0.00051
6/10/2015,13.32,0.01218
6/11/2015,12.38,0.002003
6/12/2015,14.16,-0.006905
6/15/2015,16.68,-0.004626
6/16/2015,16.29,0.005804
6/17/2015,15.22,0.002029
6/18/2015,13.11,0.009846
6/19/2015,14.32,-0.005333
6/22/2015,13.15,0.006047
6/23/2015,12.17,0.000747
6/24/2015,14.81,-0.007301
6/25/2015,15.13,-0.002942
6/26/2015,15.49,-0.00017
6/29/2015,22.56,-0.020733
6/30/2015,20.93,0.002715
7/1/2015,17.23,0.007103
7/2/2015,17.97,-0.000255
7/6/2015,16.65,-0.00379
7/7/2015,15.91,0.006243
7/8/2015,20.96,-0.01627
7/9/2015,22.06,0.002294
7/10/2015,17.24,0.012365
7/13/2015,13.32,0.011254
7/14/2015,12.18,0.004466
7/15/2015,12.4,-0.00092
7/16/2015,10.35,0.008094
7/17/2015,9.72,0.001293
7/20/2015,11.1,0.000878
7/21/2015,11.32,-0.004271
7/22/2015,11.2,-0.002211
7/23/2015,11.95,-0.005694
7/24/2015,13.05,-0.010448
7/27/2015,16.61,-0.005735
7/28/2015,13.62,0.012287
7/29/2015,12.18,0.007463
7/30/2015,11.06,0.000173
7/31/2015,10.67,-0.002188
8/3/2015,12.12,-0.002668
8/4/2015,12.42,-0.002132
8/5/2015,11.51,0.003721
8/6/2015,13.66,-0.007522
8/7/2015,13.04,-0.003015
8/10/2015,11.44,0.012663
8/11/2015,14.13,-0.009151
8/12/2015,14.27,0.001134
8/13/2015,13.63,-0.00121
8/14/2015,11.77,0.003977
8/17/2015,11.29,0.005273
8/18/2015,12.14,-0.002599
8/19/2015,14.34,-0.008167
8/20/2015,20.88,-0.020957
8/21/2015,38.96,-0.03165
8/24/2015,54.61,-0.03937
8/25/2015,44.92,-0.013361
8/26/2015,37.88,0.039171
8/27/2015,28.89,0.024262
8/28/2015,27.11,0.000638
8/31/2015,28.26,-0.00832
9/1/2015,31.21,-0.029419
9/2/2015,24.26,0.018473
9/3/2015,23.99,0.001312
9/4/2015,26.88,-0.015208
9/8/2015,24.42,0.025442
9/9/2015,27.9,-0.013809
9/10/2015,26.11,0.005224
9/11/2015,23.43,0.00492
9/14/2015,25.52,-0.004017
9/15/2015,24.62,0.012701
9/16/2015,23.75,0.008801
9/17/2015,22.25,-0.002355
9/18/2015,21.78,-0.016077
9/21/2015,19.61,0.00461
9/22/2015,23.45,-0.01232
9/23/2015,22.46,-0.002029
9/24/2015,24.22,-0.003418
9/25/2015,22.89,-0.000514
9/28/2015,30.26,-0.025485
9/29/2015,28.56,0.001182
9/30/2015,25.7,0.019174
10/1/2015,21.93,0.002083
10/2/2015,19.35,0.014535
10/5/2015,19.02,0.018311
10/6/2015,18.19,-0.003619
10/7/2015,16.39,0.008414
10/8/2015,15.47,0.008755
10/9/2015,14.27,0.000816
10/12/2015,14.73,0.001287
10/13/2015,16.53,-0.006699
10/14/2015,16.9,-0.005229
10/15/2015,13.85,0.014745
10/16/2015,12.89,0.004642
10/19/2015,13.87,0.000199
10/20/2015,15.01,-0.001495
10/21/2015,16.67,-0.005683
10/22/2015,13.1,0.016549
10/23/2015,13.15,0.010928
10/26/2015,15.2,-0.001801
10/27/2015,16.31,-0.002522
10/28/2015,14.57,0.011774
10/29/2015,14.54,-0.00033
10/30/2015,14.31,-0.004718
11/2/2015,13.68,0.011687
11/3/2015,13.81,0.002679
11/4/2015,14.76,-0.00309
11/5/2015,14.22,-0.000744
11/6/2015,12.6,-0.000296
11/9/2015,16.39,-0.009597
11/10/2015,14.29,0.001874
11/11/2015,15.6,-0.003284
11/12/2015,18.39,-0.013719
11/13/2015,20.43,-0.011285
11/16/2015,16.81,0.01516
11/17/2015,17.02,-0.000952
11/18/2015,13.33,0.016253
11/19/2015,13.62,-0.00108
11/20/2015,12.4,0.00393
11/23/2015,14.07,-0.001019
11/24/2015,14.54,0.001202
11/25/2015,14.35,0.000107
11/27/2015,14.21,0.000756
11/30/2015,16.6,-0.004752
12/1/2015,13.99,0.010733
12/2/2015,15.97,-0.010711
12/3/2015,18.71,-0.014242
12/4/2015,13.65,0.020367
12/7/2015,16,-0.006789
12/8/2015,18.81,-0.006288
12/9/2015,22.07,-0.00769
12/10/2015,20.42,0.002337
12/11/2015,28,-0.019273
12/14/2015,25.78,0.00495
12/15/2015,23.05,0.010446
12/16/2015,18.81,0.01469
12/17/2015,18.88,-0.014958
12/18/2015,19.38,-0.017558
12/21/2015,17.55,0.007889
12/22/2015,15.06,0.008941
12/23/2015,13.64,0.012446
12/24/2015,13.47,-0.001635
12/28/2015,15.79,-0.002082
12/29/2015,14.74,0.010906
12/30/2015,15.96,-0.007063
12/31/2015,17.52,-0.009432
1/4/2016,21.93,-0.01519
1/5/2016,19.37,0.002134
1/6/2016,20.6,-0.012566
1/7/2016,26.19,-0.023433
1/8/2016,27.98,-0.010898
1/11/2016,24.21,0.001055
1/12/2016,22.3,0.007732
1/13/2016,25.57,-0.02505
1/14/2016,24.63,0.016641
1/15/2016,29.6,-0.021666
1/19/2016,30.43,0.000584
1/20/2016,32.85,-0.011584
1/21/2016,29.99,0.0054
1/22/2016,22.59,0.020313
1/25/2016,26.04,-0.015346
1/26/2016,24.25,0.014103
1/27/2016,24.51,-0.010767
1/28/2016,23.4,0.005788
1/29/2016,19.37,0.024522
2/1/2016,19.68,-0.000353
2/2/2016,22.19,-0.018668
2/3/2016,22.35,0.004892
2/4/2016,21.75,0.001674
2/5/2016,22.96,-0.018423
2/8/2016,26.4,-0.014244
2/9/2016,26.84,-0.000563
2/10/2016,25.53,0.000266
2/11/2016,27.36,-0.011938
2/12/2016,22.71,0.019408
2/16/2016,21.81,0.016836
2/17/2016,20.27,0.016645
2/18/2016,19.53,-0.004807
2/19/2016,18.22,0.000267
2/22/2016,18.39,0.014515
2/23/2016,20.69,-0.012147
2/24/2016,20.72,0.004499
2/25/2016,17.79,0.011663
2/26/2016,18.56,-0.001762
2/29/2016,20.36,-0.008096
3/1/2016,17.04,0.023751
3/2/2016,15.78,0.004158
3/3/2016,15.91,0.003601
3/4/2016,15.86,0.003277
3/7/2016,17.66,0.000897
3/8/2016,19.17,-0.010939
3/9/2016,18.79,0.00514
3/10/2016,17.66,0.00021
3/11/2016,15.2,0.016578
3/14/2016,15.99,-0.001083
3/15/2016,16.46,-0.001833
3/16/2016,14.07,0.00577
3/17/2016,13.05,0.006394
3/18/2016,12.47,0.004326
3/21/2016,12.77,0.001002
3/22/2016,13.14,-0.000759
3/23/2016,13.36,-0.006336
3/24/2016,12.35,-0.000324
3/28/2016,14.07,0.000579
3/29/2016,12.17,0.008996
3/30/2016,11.87,0.004496
3/31/2016,12.25,-0.00203
4/1/2016,10.92,0.006388
4/4/2016,12.5,-0.003057
4/5/2016,13.96,-0.010146
4/6/2016,12.56,0.01086
4/7/2016,15.2,-0.011989
4/8/2016,13.59,0.002779
4/11/2016,15.59,-0.002804
4/12/2016,13.71,0.009759
4/13/2016,12.45,0.01009
4/14/2016,12.32,0.000235
4/15/2016,12.2,-0.000877
4/18/2016,12.86,0.00664
4/19/2016,12.86,0.002914
4/20/2016,12.8,0.00074
4/21/2016,13.18,-0.00523
4/22/2016,11.93,0.000019
4/25/2016,13.62,-0.001657
4/26/2016,13.5,0.001775
4/27/2016,12.81,0.00174
4/28/2016,14.55,-0.009142
4/29/2016,14.79,-0.004948
5/2/2016,13.77,0.007958
5/3/2016,15.17,-0.008675
5/4/2016,15.47,-0.0056
5/5/2016,15.37,0.000095
5/6/2016,13.38,0.003474
5/9/2016,13.86,0.000921
5/10/2016,12.8,0.012501
5/11/2016,13.75,-0.009117
5/12/2016,13.46,0.000048
5/13/2016,14.15,-0.008524
5/16/2016,13.59,0.009907
5/17/2016,15.11,-0.009345
5/18/2016,15.34,0.000047
5/19/2016,15.28,-0.003166
5/20/2016,12.73,0.006168
5/23/2016,13.6,-0.002063
5/24/2016,11.91,0.013685
5/25/2016,11.41,0.006974
5/26/2016,10.46,-0.000039
5/27/2016,9.77,0.004409
5/31/2016,11.85,-0.000821
6/1/2016,11.61,0.001266
6/2/2016,11.01,0.002911
6/3/2016,10.11,-0.002827
6/6/2016,11.26,0.004856
6/7/2016,11.56,0.001246
6/8/2016,10.89,0.003516
6/9/2016,12.23,-0.001697
6/10/2016,15.83,-0.009141
6/13/2016,22.94,-0.007757
6/14/2016,23.35,-0.001673
6/15/2016,22.6,-0.001711
6/16/2016,21.89,0.003261
6/17/2016,22,-0.003229
6/20/2016,22.21,0.005859
6/21/2016,22.47,0.002732
6/22/2016,27.86,-0.001645
6/23/2016,21.13,0.013333
6/24/2016,30.71,-0.035723
6/27/2016,25.06,-0.018012
6/28/2016,19.08,0.017816
6/29/2016,15.86,0.017256
6/30/2016,14.05,0.013529
7/1/2016,11.85,0.002169
7/5/2016,14.19,-0.006639
7/6/2016,13.18,0.005709
7/7/2016,13.11,-0.000774
7/8/2016,11.43,0.015192
7/11/2016,12.23,0.003447
7/12/2016,12.25,0.006791
7/13/2016,11.11,0.000253
7/14/2016,10.93,0.005231
7/15/2016,10.26,-0.000962
7/18/2016,10.99,0.002433
7/19/2016,11.02,-0.001407
7/20/2016,10.43,0.004373
7/21/2016,11.5,-0.003588
7/22/2016,10.22,0.004509
7/25/2016,11.93,-0.00288
7/26/2016,11.98,0.000199
7/27/2016,11.61,-0.001334
7/28/2016,11.79,0.001742
7/29/2016,10.01,0.001739
8/1/2016,11.1,-0.001183
8/2/2016,12.35,-0.006411
8/3/2016,11.29,0.003364
8/4/2016,10.8,0.000503
8/5/2016,9.18,0.008638
8/8/2016,10.1,-0.000817
8/9/2016,10.49,0.000379
8/10/2016,10.68,-0.002326
8/11/2016,9.74,0.004847
8/12/2016,9.54,-0.000708
8/15/2016,9.72,0.002835
8/16/2016,10.87,-0.005339
8/17/2016,10.76,0.002046
8/18/2016,9.9,0.002338
8/19/2016,9.4,-0.001407
8/22/2016,10.95,-0.000531
8/23/2016,11.37,0.001901
8/24/2016,12.67,-0.005186
8/25/2016,12.77,-0.001417
8/26/2016,12.1,-0.001507
8/29/2016,11.14,0.005327
8/30/2016,11.21,-0.001856
8/31/2016,11.64,-0.002113
9/1/2016,11.89,0.000062
9/2/2016,9.1,0.004168
9/6/2016,9.98,0.003044
9/7/2016,9.8,0.000048
9/8/2016,10.99,-0.002212
9/9/2016,18.78,-0.024631
9/12/2016,16.03,0.01485
9/13/2016,19.55,-0.014479
9/14/2016,19.38,-0.000556
9/15/2016,17,0.010268
9/16/2016,15.27,-0.003711
9/19/2016,16.31,-0.000096
9/20/2016,17.22,0.000339
9/21/2016,12.83,0.01084
9/22/2016,10.79,0.006607
9/23/2016,11.39,-0.005616
9/26/2016,15.67,-0.008566
9/27/2016,12.8,0.006602
9/28/2016,11.72,0.005421
9/29/2016,14.71,-0.009336
9/30/2016,12.37,0.00802
10/3/2016,13,-0.003093
10/4/2016,12.95,-0.004861
10/5/2016,12.03,0.004643
10/6/2016,11.47,0.000282
10/7/2016,11.47,-0.003269
10/10/2016,10.81,0.004571
10/11/2016,13.34,-0.012473
10/12/2016,13.16,0.00121
10/13/2016,14.07,-0.002942
10/14/2016,12.94,0.000235
10/17/2016,13.81,-0.003033
10/18/2016,12.45,0.006191
10/19/2016,11.97,0.002288
10/20/2016,11.07,-0.001257
10/21/2016,10.68,0.000168
10/24/2016,11.35,0.004968
10/25/2016,11.9,-0.003732
10/26/2016,12.58,-0.001799
10/27/2016,14.59,-0.002977
10/28/2016,16.69,-0.003029
10/31/2016,20.19,0.000017
11/1/2016,22.86,-0.006803
11/2/2016,24.16,-0.00646
11/3/2016,27.9,-0.00408
11/4/2016,28.82,-0.001767
11/7/2016,24.67,0.022187
11/8/2016,25.31,0.004275
11/9/2016,15.36,0.010927
11/10/2016,14.12,0.001686
11/11/2016,12.84,-0.001386
11/14/2016,12.51,-0.000074
11/15/2016,10.64,0.007827
11/16/2016,9.52,-0.001269
11/17/2016,9.38,0.004585
11/18/2016,8.63,-0.002336
11/21/2016,10,0.007543
11/22/2016,10.2,0.002337
11/23/2016,10.06,0.000807
11/25/2016,10.43,0.003952
11/28/2016,12.86,-0.005094
11/29/2016,12.64,0.001574
11/30/2016,13.23,-0.002679
12/1/2016,13.96,-0.003675
12/2/2016,13.64,0.000425
12/5/2016,11.41,0.005921
12/6/2016,10.84,0.003438
12/7/2016,11.79,0.013377
12/8/2016,12.92,0.002244
12/9/2016,11.1,0.005861
12/12/2016,12.25,-0.001112
12/13/2016,12.25,0.006686
12/14/2016,12.84,-0.008035
12/15/2016,11.85,0.003833
12/16/2016,10.67,-0.001766
12/19/2016,9.95,0.002006
12/20/2016,9.85,0.003786
12/21/2016,9.33,-0.002423
12/22/2016,9.34,-0.001929
12/23/2016,8.98,0.001355
12/27/2016,10.22,0.002297
12/28/2016,11.22,-0.008146
12/29/2016,11.64,-0.000249
12/30/2016,12.68,-0.004631
1/3/2017,11.99,0.008524
1/4/2017,10.68,0.006017
1/5/2017,9.95,-0.000701
1/6/2017,9.19,0.003721
1/9/2017,9.44,-0.003469
1/10/2017,8.88,-0.000013
1/11/2017,8.88,0.002982
1/12/2017,9.32,-0.002043
1/13/2017,8.99,0.001778
1/17/2017,10.85,-0.002746
1/18/2017,11.29,0.001894
1/19/2017,11.5,-0.003551
1/20/2017,9.72,0.003397
1/23/2017,10.92,-0.002582
1/24/2017,10.08,0.00661
1/25/2017,10.06,0.007907
1/26/2017,9.71,-0.00068
1/27/2017,9.36,-0.000971
1/30/2017,11.66,-0.005914
1/31/2017,11.77,-0.00082
2/1/2017,12.04,0.000408
2/2/2017,11.16,0.000709
2/3/2017,9.19,0.007206
2/6/2017,10.17,-0.002143
2/7/2017,9.47,0.000334
2/8/2017,9.6,0.001084
2/9/2017,8.85,0.005981
2/10/2017,9.02,0.003575
2/13/2017,9.32,0.005383
2/14/2017,8.94,0.004298
2/15/2017,10.26,0.005146
2/16/2017,10.02,-0.000909
2/17/2017,9.03,0.002005
2/21/2017,10.22,0.006131
2/22/2017,10.39,-0.001011
2/23/2017,10.15,0.000395
2/24/2017,9.41,0.001748
2/27/2017,10.83,0.00103
2/28/2017,11.89,-0.002684
3/1/2017,10.57,0.013612
3/2/2017,9.6,-0.00567
3/3/2017,8.56,0.000452
3/6/2017,9.67,-0.003245
3/7/2017,10.23,-0.002858
3/8/2017,10.91,-0.001883
3/9/2017,11.78,0.000825
3/10/2017,10.67,0.003283
3/13/2017,10.78,0.000669
3/14/2017,11.78,-0.003223
3/15/2017,10.76,0.008363
3/16/2017,9.74,-0.001362
3/17/2017,9.87,-0.001342
3/20/2017,10.23,-0.002016
3/21/2017,14.23,-0.012262
3/22/2017,14.51,0.001926
3/23/2017,15.14,-0.001041
3/24/2017,13.43,-0.000811
3/27/2017,12.12,-0.000943
3/28/2017,10.51,0.007258
3/29/2017,10.08,0.001449
3/30/2017,9.58,0.002962
3/31/2017,9.66,-0.002145
4/3/2017,10.16,-0.001601
4/4/2017,9.51,0.000741
4/5/2017,11.89,-0.002921
4/6/2017,10.27,0.002122
4/7/2017,10.06,-0.000729
4/10/2017,10.36,0.000785
4/11/2017,10.54,-0.001251
4/12/2017,10.91,-0.003692
4/13/2017,12.75,-0.006767
4/17/2017,13.44,0.008592
4/18/2017,14.2,-0.002756
4/19/2017,16.2,-0.001583
4/20/2017,15.83,0.007563
4/21/2017,17.09,-0.003016
4/24/2017,9.96,0.010778
4/25/2017,9.8,0.005989
4/26/2017,9.79,-0.000463
4/27/2017,9.24,0.000718
4/28/2017,9.42,-0.001755
5/1/2017,9.49,0.001752
5/2/2017,10.49,0.001156
5/3/2017,10.78,-0.001165
5/4/2017,11.04,0.000778
5/5/2017,11.44,0.004036
5/8/2017,9.09,0.00012
5/9/2017,9.31,-0.00084
5/10/2017,9.43,0.001544
5/11/2017,10.35,-0.001886
5/12/2017,9.4,-0.001505
5/15/2017,9.16,0.004893
5/16/2017,8.96,-0.000532
5/17/2017,20.17,-0.017765
5/18/2017,16.67,0.003894
5/19/2017,10.98,0.006803
5/22/2017,9.39,0.005194
5/23/2017,9.32,0.001866
5/24/2017,8.56,0.002619
5/25/2017,8.12,0.004637
5/26/2017,7.6,0.000442
5/30/2017,9.04,-0.001077
5/31/2017,8.71,-0.000246
6/1/2017,8.5,0.00779
6/2/2017,8.47,0.003729
6/5/2017,9.69,-0.001125
6/6/2017,10.39,-0.002917
6/7/2017,10.13,0.001804
6/8/2017,9.62,0.000242
6/9/2017,10.37,-0.001078
6/12/2017,11.35,-0.000905
6/13/2017,9.35,0.004788
6/14/2017,9.91,-0.000869
6/15/2017,10.14,-0.002126
6/16/2017,8.33,-0.000004
6/19/2017,8.52,0.008362
6/20/2017,9.42,-0.006614
6/21/2017,9.56,-0.000311
6/22/2017,9.23,-0.000292
6/23/2017,8.38,0.001557
6/26/2017,8.7,0.000369
6/27/2017,10.5,-0.008077
6/28/2017,8.49,0.008989
6/29/2017,11.37,-0.008639
6/30/2017,9.93,0.001448
7/3/2017,10.21,0.002172
7/5/2017,9.65,0.001723
7/6/2017,11.53,-0.008985
7/7/2017,9.26,0.006416
7/10/2017,9.9,0.000841
7/11/2017,9.37,-0.000699
7/12/2017,8.06,0.007441
7/13/2017,8.01,0.001951
7/14/2017,7.55,0.00478
7/17/2017,8.39,-0.000049
7/18/2017,8.44,0.00062
7/19/2017,7.85,0.005406
7/20/2017,7.69,-0.000002
7/21/2017,7.1,-0.000323
7/24/2017,7.64,-0.00093
7/25/2017,7.87,0.002977
7/26/2017,8.07,0.000367
7/27/2017,9.03,-0.000869
7/28/2017,8.55,-0.001417
7/31/2017,9.43,-0.000852
8/1/2017,8.93,0.002376
8/2/2017,8.68,0.000468
8/3/2017,9.31,-0.002013
8/4/2017,8.58,0.001812
8/7/2017,8.43,0.001737
8/8/2017,10.5,-0.002294
8/9/2017,10.72,-0.000307
8/10/2017,17.83,-0.014158
8/11/2017,15.53,0.001418
8/14/2017,11.63,0.010084
8/15/2017,10.41,-0.000278
8/16/2017,9.73,0.001705
8/17/2017,15.77,-0.015426
8/18/2017,13.17,-0.001856
8/21/2017,12.48,0.001212
8/22/2017,9.92,0.00994
8/23/2017,11.14,-0.003371
8/24/2017,10.33,-0.002188
8/25/2017,8.97,0.001694
8/28/2017,9.45,0.000432
8/29/2017,9.81,0.001036
8/30/2017,9.15,0.004883
8/31/2017,8.66,0.00567
9/1/2017,7.94,0.002032
9/5/2017,11.34,-0.007371
9/6/2017,10.22,0.003125
9/7/2017,9.75,0.000169
9/8/2017,11.29,-0.001551
9/11/2017,9.01,0.010761
9/12/2017,9.25,0.003469
9/13/2017,9.38,0.000841
9/14/2017,9.29,-0.000843
9/15/2017,8.3,0.001692
9/18/2017,8.72,0.001354
9/19/2017,9.09,0.001015
9/20/2017,8.95,0.000675
9/21/2017,8.44,-0.00302
9/22/2017,7.98,0.000616
9/25/2017,9.21,-0.002247
9/26/2017,9.34,0.000224
9/27/2017,9.03,0.004093
9/28/2017,8.39,0.001397
9/29/2017,7.95,0.00366
10/2/2017,8.18,0.003852
10/3/2017,8.04,0.002259
10/4/2017,8.02,0.001291
10/5/2017,7.81,0.00588
10/6/2017,7.88,-0.000768
10/9/2017,9.34,-0.001758
10/10/2017,8.72,0.002565
10/11/2017,8.32,0.001959
10/12/2017,8.34,-0.001502
10/13/2017,8.03,0.000898
10/16/2017,8.46,0.001685
10/17/2017,8.69,0.000645
10/18/2017,8.37,0.000807
10/19/2017,8.88,0.000345
10/20/2017,8.41,0.005192
10/23/2017,10.77,-0.003903
10/24/2017,10.48,0.001649
10/25/2017,11.09,-0.004605
10/26/2017,10.69,0.001247
10/27/2017,8.61,0.008374
10/30/2017,9.81,-0.003219
10/31/2017,9.32,0.001062
11/1/2017,9.29,0.001601
11/2/2017,8.54,0.000333
11/3/2017,7.84,0.003278
11/6/2017,8.09,0.001301
11/7/2017,8.83,-0.000092
11/8/2017,8.28,0.001637
11/9/2017,9.65,-0.003541
11/10/2017,10.31,-0.000429
11/13/2017,9.84,0.001019
11/14/2017,9.73,-0.002001
11/15/2017,11.73,-0.005351
11/16/2017,8.74,0.009226
11/17/2017,8.49,-0.002675
11/20/2017,8.6,0.001258
11/21/2017,7.97,0.006422
11/22/2017,7.87,-0.000617
11/24/2017,7.87,0.002211
11/27/2017,9,-0.00027
11/28/2017,9.18,0.009686
11/29/2017,10.16,-0.00028
11/30/2017,11.38,0.008424
12/1/2017,11.98,-0.002015
12/4/2017,12.21,-0.001111
12/5/2017,11.11,-0.00358
12/6/2017,10.9,-0.000017
12/7/2017,9.51,0.003135
12/8/2017,8.44,0.005568
12/11/2017,8.79,0.00318
12/12/2017,9.24,0.001538
12/13/2017,9.35,-0.000367
12/14/2017,9.87,-0.003837
12/15/2017,8.25,0.008871
12/18/2017,8.05,0.005425
12/19/2017,9.03,-0.003125
12/20/2017,8.34,-0.000778
12/21/2017,7.63,0.001918
12/22/2017,7.51,-0.000401
12/26/2017,8.48,-0.000854
12/27/2017,9.71,0.000805
12/28/2017,9.27,0.002006
12/29/2017,10.42,-0.005153
1/2/2018,8.54,0.008278
1/3/2018,7.85,0.006438
1/4/2018,7.73,0.004242
1/5/2018,7.7,0.007046
1/8/2018,7.9,0.001809
1/9/2018,8.35,0.001561
1/10/2018,7.85,-0.001224
1/11/2018,7.84,0.007104
1/12/2018,8.68,0.006827
1/16/2018,11.25,-0.003477
1/17/2018,11.69,0.009444
1/18/2018,12.37,-0.001441
1/19/2018,10.41,0.004494
1/22/2018,10.86,0.008095
1/23/2018,11.02,0.002332
1/24/2018,11.45,-0.000505
1/25/2018,11.64,0.000746
1/26/2018,10.46,0.011833
1/29/2018,14.91,-0.006455
1/30/2018,16.2,-0.01075
1/31/2018,13.86,0.000477
2/1/2018,13.86,-0.000802
2/2/2018,18.86,-0.02082
2/5/2018,59.34,-0.040869
2/6/2018,39.46,0.017497
2/7/2018,32.86,-0.00485
2/8/2018,41.44,-0.037319
2/9/2018,31.64,0.014951
2/12/2018,26.83,0.013963
2/13/2018,25.29,0.002875
2/14/2018,18.73,0.013778
2/15/2018,18.58,0.012212
2/16/2018,18.68,0.000438
2/20/2018,20.64,-0.006364
2/21/2018,20.01,-0.005479
2/22/2018,18.13,0.001099
2/23/2018,14.98,0.015958
2/26/2018,15.16,0.011616
2/27/2018,18.12,-0.012648
2/28/2018,19.19,-0.010905
3/1/2018,23.89,-0.013175
3/2/2018,18.87,0.005148
3/5/2018,18.26,0.011092
3/6/2018,17.23,0.002668
3/7/2018,16.71,-0.000409
3/8/2018,15.86,0.004787
3/9/2018,13.53,0.017286
3/12/2018,15.24,-0.001205
3/13/2018,15.36,-0.006243
3/14/2018,17.28,-0.005415
3/15/2018,15.96,-0.000838
3/16/2018,14.93,0.001796
3/19/2018,21.95,-0.014157
3/20/2018,19.7,0.001355
3/21/2018,18.52,-0.00178
3/22/2018,26.31,-0.025057
3/23/2018,28.22,-0.020962
3/26/2018,22.28,0.027133
3/27/2018,22.95,-0.017408
3/28/2018,24.94,-0.002816
3/29/2018,20.57,0.013847
4/2/2018,27.31,-0.022603
4/3/2018,23.48,0.012581
4/4/2018,21.95,0.011636
4/5/2018,19.93,0.007132
4/6/2018,23.06,-0.021919
4/9/2018,23.83,0.003559
4/10/2018,20.92,0.016597
4/11/2018,20.37,-0.005493
4/12/2018,17.82,0.00828
4/13/2018,16.36,-0.002918
4/16/2018,16.57,0.008187
4/17/2018,15.35,0.010819
4/18/2018,14.64,0.000885
4/19/2018,15.5,-0.005289
4/20/2018,16.23,-0.008536
4/23/2018,16.44,-0.000043
4/24/2018,19.17,-0.013428
4/25/2018,18.71,0.001845
4/26/2018,16.01,0.010462
4/27/2018,14.44,0.001203
4/30/2018,16.45,-0.007996
5/1/2018,15.7,0.002453
5/2/2018,16.53,-0.007358
5/3/2018,15.75,-0.002101
5/4/2018,13.86,0.012933
5/7/2018,14.22,0.00338
5/8/2018,13.98,-0.000218
5/9/2018,12.13,0.009517
5/10/2018,12.43,0.009527
5/11/2018,11.24,0.002117
5/14/2018,11.92,0.000948
5/15/2018,14.29,-0.006736
5/16/2018,12.36,0.004428
5/17/2018,12.02,-0.000679
5/18/2018,11.48,-0.002632
5/21/2018,11.37,0.007425
5/22/2018,10.92,-0.003195
5/23/2018,10.06,0.003406
5/24/2018,10.33,-0.001959
5/25/2018,11.46,-0.00217
5/29/2018,17.24,-0.01146
5/30/2018,13.26,0.012907
5/31/2018,14.12,-0.006667
6/1/2018,11.44,0.010939
6/4/2018,12.02,0.00478
6/5/2018,11.68,0.000746
6/6/2018,11.03,0.008543
6/7/2018,11.9,-0.000614
6/8/2018,11.56,0.003144
6/11/2018,12.53,0.001203
6/12/2018,12.03,0.001816
6/13/2018,12.66,-0.003889
6/14/2018,11.56,0.002793
6/15/2018,10.84,-0.000888
6/18/2018,11.69,-0.00202
6/19/2018,12.97,-0.003911
6/20/2018,12.16,0.001673
6/21/2018,14.56,-0.006173
6/22/2018,12.16,0.001881
6/25/2018,17.68,-0.013621
6/26/2018,15.16,0.0022
6/27/2018,17.91,-0.008635
6/28/2018,15.83,0.006236
6/29/2018,14.93,0.000819
7/2/2018,14.42,0.002994
7/3/2018,15.17,-0.004886
7/5/2018,14.14,0.008779
7/6/2018,11.49,0.00851
7/9/2018,10.79,0.009223
7/10/2018,10.66,0.003518
7/11/2018,11.8,-0.006999
7/12/2018,10.6,0.008888
7/13/2018,10.07,0.001186
7/16/2018,11.5,-0.000954
7/17/2018,10.56,0.004152
7/18/2018,10.03,0.001869
7/19/2018,11.15,-0.00389
7/20/2018,11.01,-0.000864
7/23/2018,11.34,0.001797
7/24/2018,11.15,0.004859
7/25/2018,11.27,0.009146
7/26/2018,11.07,-0.003051
7/27/2018,11.59,-0.006494
7/30/2018,13.57,-0.005769
7/31/2018,11.64,0.004808
8/1/2018,12.29,-0.001194
8/2/2018,10.51,0.00509
8/3/2018,9.58,0.004861
8/6/2018,9.74,0.003469
8/7/2018,9.13,0.002771
8/8/2018,8.86,-0.000208
8/9/2018,9.46,-0.001117
8/10/2018,13.09,-0.006687
8/13/2018,15.34,-0.003947
8/14/2018,12.62,0.00662
8/15/2018,15.01,-0.007539
8/16/2018,12.92,0.00863
8/17/2018,11.57,0.00334
8/20/2018,11.42,0.002357
8/21/2018,11.55,0.002052
8/22/2018,10.77,-0.000295
8/23/2018,10.8,-0.001718
8/24/2018,10.17,0.006145
8/27/2018,10.23,0.007753
8/28/2018,10.2,0.000302
8/29/2018,9.77,0.005908
8/30/2018,11.49,-0.004273
8/31/2018,11.01,0.000257
9/4/2018,11.97,-0.001553
9/5/2018,12.65,-0.002925
9/6/2018,13.46,-0.003484
9/7/2018,13.49,-0.002198
9/10/2018,12.57,0.001961
9/11/2018,11,0.003861
9/12/2018,10.67,0.000385
9/13/2018,10.03,0.005413
9/14/2018,9.93,0.000355
9/17/2018,13.5,-0.005689
9/18/2018,11.74,0.005377
9/19/2018,11.45,0.001158
9/20/2018,11.04,0.007913
9/21/2018,10.63,-0.000432
9/24/2018,11.63,-0.003476
9/25/2018,11.76,-0.001081
9/26/2018,12.7,-0.003269
9/27/2018,12.09,0.002975
9/28/2018,11.17,-0.000004
10/1/2018,11.19,0.00358
10/2/2018,11.13,-0.000503
10/3/2018,10.81,0.000547
10/4/2018,15.42,-0.008027
10/5/2018,14.86,-0.005596
10/8/2018,14.92,-0.000374
10/9/2018,14.4,-0.001132
10/10/2018,25.98,-0.03281
10/11/2018,29.58,-0.020415
10/12/2018,22.84,0.014451
10/15/2018,23.91,-0.005826
10/16/2018,17.85,0.021537
10/17/2018,17.75,-0.000107
10/18/2018,22.31,-0.014414
10/19/2018,21.13,-0.000223
10/22/2018,20.67,-0.004162
10/23/2018,23.43,-0.005335
10/24/2018,31.91,-0.030793
10/25/2018,29.62,0.018863
10/26/2018,29.89,-0.017528
10/29/2018,31.03,-0.006758
10/30/2018,28.87,0.015768
10/31/2018,25.16,0.010898
11/1/2018,21.54,0.010772
11/2/2018,21.17,-0.006303
11/5/2018,21.63,0.005278
11/6/2018,21.62,0.006261
11/7/2018,15.54,0.021376
11/8/2018,15.56,-0.001915
11/9/2018,15.63,-0.008872
11/12/2018,20.69,-0.01973
11/13/2018,19.38,-0.001557
11/14/2018,21.39,-0.007426
11/15/2018,19.5,0.010784
11/16/2018,16.35,0.002068
11/19/2018,20.43,-0.016794
11/20/2018,23.63,-0.017964
11/21/2018,19.86,0.00322
11/23/2018,21.42,-0.006254
11/26/2018,20.04,0.015662
11/27/2018,21.08,0.003142
11/28/2018,21.92,0.023219
11/29/2018,22.38,-0.002023
11/30/2018,22.11,0.008354
12/3/2018,17.21,0.011168
12/4/2018,25.13,-0.032406
12/6/2018,25.06,-0.001166
12/7/2018,27.47,-0.023289
12/10/2018,25.24,0.001836
12/11/2018,23.79,-0.000315
12/12/2018,22.64,0.005438
12/13/2018,20.33,-0.000162
12/14/2018,22.08,-0.018966
12/17/2018,28,-0.020806
12/18/2018,28.51,0.000361
12/19/2018,26.16,-0.015413
12/20/2018,31.19,-0.015962
12/21/2018,33.03,-0.020924
12/24/2018,42.4,-0.026912
12/26/2018,33.92,0.049762
12/27/2018,34.38,0.008541
12/28/2018,31.64,-0.00105
12/31/2018,28.57,0.008649
1/2/2019,22.82,0.001449
1/3/2019,26.59,-0.024185
1/4/2019,20.85,0.034411
1/7/2019,21.47,0.007184
1/8/2019,20.13,0.009812
1/9/2019,18.88,0.004378
1/10/2019,17.74,0.004437
1/11/2019,15.96,-0.000186
1/14/2019,17.04,-0.005098
1/15/2019,16.5,0.010897
1/16/2019,16.34,0.002342
1/17/2019,15.67,0.007688
1/18/2019,15.04,0.013054
1/22/2019,21.24,-0.014128
1/23/2019,19.4,0.00224
1/24/2019,17.64,0.001365
1/25/2019,16.39,0.008474
1/28/2019,19.49,-0.007767
1/29/2019,19.95,-0.001588
1/30/2019,17.37,0.015589
1/31/2019,15.61,0.009047
2/1/2019,14.09,0.000532
2/4/2019,13.67,0.006822
2/5/2019,13.46,0.004871
2/6/2019,12.73,-0.00218
2/7/2019,14.89,-0.009075
2/8/2019,13.61,0.000911
2/11/2019,14.67,0.000711
2/12/2019,13.47,0.013018
2/13/2019,13.49,0.003121
2/14/2019,14.11,-0.002304
2/15/2019,12.18,0.010844
2/19/2019,13.38,0.001752
2/20/2019,12.6,0.001832
2/21/2019,13.18,-0.003445
2/22/2019,11.49,0.006174
2/25/2019,14.06,0.001318
2/26/2019,14.2,-0.000786
2/27/2019,13.14,-0.000339
2/28/2019,13.18,-0.00231
3/1/2019,11.33,0.006898
3/4/2019,13.4,-0.003768
3/5/2019,13.36,-0.001059
3/6/2019,14.99,-0.006534
3/7/2019,16.15,-0.008
3/8/2019,14.63,-0.002004
3/11/2019,13.4,0.014628
3/12/2019,12.73,0.002939
3/13/2019,12.53,0.007003
3/14/2019,12.52,-0.000529
3/15/2019,11.22,0.004991
3/18/2019,12.53,0.003872
3/19/2019,13.53,0.000037
3/20/2019,13.49,-0.002928
3/21/2019,13.11,0.010964
3/22/2019,16.85,-0.018962
3/25/2019,16.41,-0.000717
3/26/2019,13.95,0.00709
3/27/2019,14.7,-0.004685
3/28/2019,13.7,0.003732
3/29/2019,12.34,0.006741
4/1/2019,12.11,0.011517
4/2/2019,11.86,0.000073
4/3/2019,12.29,0.002156
4/4/2019,11.58,0.002351
4/5/2019,10.12,0.004658
4/8/2019,10.74,0.001107
4/9/2019,11.78,-0.005806
4/10/2019,10.14,0.003639
4/11/2019,10.52,0.000029
4/12/2019,9.74,0.006635
4/15/2019,10.61,-0.000535
4/16/2019,10.76,0.000547
4/17/2019,11,-0.002107
4/18/2019,9.93,0.001579
4/22/2019,11.63,0.001037
4/23/2019,11.64,0.008963
4/24/2019,12.54,-0.002133
4/25/2019,12.36,-0.000425
4/26/2019,11.81,0.004754
4/29/2019,12.52,0.001062
4/30/2019,12.44,0.000885
5/1/2019,14.95,-0.007579
5/2/2019,13.92,-0.002055
5/3/2019,10.96,0.009847
5/6/2019,15.45,-0.004217
5/7/2019,20.74,-0.016479
5/8/2019,21.33,-0.001591
5/9/2019,21.86,-0.002655
5/10/2019,16.57,0.004079
5/13/2019,22.76,-0.024222
5/14/2019,18.76,0.008204
5/15/2019,16.31,0.006106
5/16/2019,15.06,0.009243
5/17/2019,16.26,-0.005822
5/20/2019,16.82,-0.006675
5/21/2019,14.5,0.008451
5/22/2019,13.92,-0.002695
5/23/2019,17.4,-0.011892
5/24/2019,15.36,0.001547
5/28/2019,17.98,-0.008258
5/29/2019,18.34,-0.00688
5/30/2019,17.12,0.002145
5/31/2019,19,-0.013026
6/3/2019,19.26,-0.003838
6/4/2019,16.65,0.021459
6/5/2019,14.9,0.008292
6/6/2019,14.88,0.006412
6/7/2019,15.02,0.010716
6/10/2019,15.25,0.00489
6/11/2019,15.15,-0.00033
6/12/2019,14.66,-0.001926
6/13/2019,14.59,0.004364
6/14/2019,13.56,-0.001489
6/17/2019,14.99,0.000955
6/18/2019,15.29,0.009654
6/19/2019,13.87,0.002994
6/20/2019,14.77,0.009615
6/21/2019,14.83,-0.001173
6/24/2019,15.8,-0.001748
6/25/2019,17.01,-0.009528
6/26/2019,16.8,-0.001157
6/27/2019,16.34,0.003914
6/28/2019,15.67,0.005759
7/1/2019,12.51,0.007701
7/2/2019,10.42,0.003009
7/3/2019,9.91,0.007925
7/5/2019,10.57,-0.001645
7/8/2019,11.12,-0.004766
7/9/2019,11.08,0.00161
7/10/2019,9.94,0.004575
7/11/2019,10.08,0.002276
7/12/2019,9.88,0.004736
7/15/2019,11.01,0.000259
7/16/2019,11.71,-0.003349
7/17/2019,13.42,-0.006408
7/18/2019,12.68,0.003601
7/19/2019,13.56,-0.006124
7/22/2019,13.64,0.002845
7/23/2019,12.82,0.006862
7/24/2019,12.19,0.004685
7/25/2019,12.53,-0.005342
7/26/2019,11.54,0.007469
7/29/2019,12.67,-0.001819
7/30/2019,14.46,-0.0025
7/31/2019,18.41,-0.010922
8/1/2019,19.32,-0.008869
8/2/2019,17.69,-0.007262
8/5/2019,29.14,-0.029815
8/6/2019,21.84,0.013058
8/7/2019,20.95,0.000913
8/8/2019,16.77,0.018936
8/9/2019,17.75,-0.00657
8/12/2019,22.45,-0.011969
8/13/2019,17.49,0.014964
8/14/2019,24.42,-0.028994
8/15/2019,22.45,0.003009
8/16/2019,18.36,0.014498
8/19/2019,17.2,0.012123
8/20/2019,18.43,-0.007905
8/21/2019,16.09,0.008248
8/22/2019,16.71,-0.000517
8/23/2019,21.55,-0.025935
8/26/2019,19.82,0.011102
8/27/2019,20.81,-0.003152
8/28/2019,19.16,0.006525
8/29/2019,16.85,0.012822
8/30/2019,18.6,0.000769
9/3/2019,19.07,-0.006681
9/4/2019,15.6,0.010909
9/5/2019,14.59,0.013217
9/6/2019,12.39,0.000882
9/9/2019,13.66,0.000104
9/10/2019,13.76,0.000303
9/11/2019,13.13,0.007254
9/12/2019,13.1,0.003021
9/13/2019,12.62,-0.000472
9/16/2019,14.6,-0.003194
9/17/2019,14.54,0.002621
9/18/2019,14.13,0.000336
9/19/2019,13.18,0.000141
9/20/2019,14.68,-0.004882
9/23/2019,9.83,-0.000063
9/24/2019,17.73,-0.008351
9/25/2019,15.3,0.006205
9/26/2019,15.2,-0.002448
9/27/2019,16.77,-0.005145
9/30/2019,15.28,0.005126
10/1/2019,18.94,-0.01223
10/2/2019,21.71,-0.017947
10/3/2019,19.48,0.008108
10/4/2019,16.27,0.014223
10/7/2019,17.7,-0.004477
10/8/2019,20.29,-0.015368
10/9/2019,18.26,0.009412
10/10/2019,17.78,0.006456
10/11/2019,15.28,0.011091
10/14/2019,14.01,-0.001421
10/15/2019,12.3,0.009907
10/16/2019,11.92,-0.001846
10/17/2019,11.9,0.002889
10/18/2019,12.35,-0.003943
10/21/2019,12.61,0.006919
10/22/2019,13.3,-0.003536
10/23/2019,12.27,0.002861
10/24/2019,11.89,0.001989
10/25/2019,10.33,0.003951
10/28/2019,11.7,0.005625
10/29/2019,11.75,-0.000959
10/30/2019,10.67,0.003366
10/31/2019,11.58,-0.002915
11/1/2019,9.84,0.009649
11/4/2019,11.08,0.003707
11/5/2019,10.99,-0.001142
11/6/2019,9.47,0.000823
11/7/2019,10.16,0.003209
11/8/2019,9.32,0.002693
11/11/2019,10.69,-0.002018
11/12/2019,10.8,0.00155
11/13/2019,10.97,0.000776
11/14/2019,11.23,0.001042
11/15/2019,9.67,0.007663
11/18/2019,10.18,0.000594
11/19/2019,10.25,-0.000506
11/20/2019,10.2,-0.003602
11/21/2019,10.56,-0.001557
11/22/2019,9.22,0.002199
11/25/2019,9.76,0.00765
11/26/2019,9.5,0.002265
11/27/2019,9.9,0.004273
11/29/2019,11.36,-0.003796
12/2/2019,15.3,-0.008588
12/3/2019,16.86,-0.006563
12/4/2019,14.92,0.006336
12/5/2019,13.94,0.001732
12/6/2019,12.81,0.009108
12/9/2019,17.06,-0.003052
12/10/2019,16.24,-0.001121
12/11/2019,15.27,0.00293
12/12/2019,14.67,0.008631
12/13/2019,12.41,0.000214
12/16/2019,11.63,0.007038
12/17/2019,11.16,0.000398
12/18/2019,10.3,-0.000345
12/19/2019,9.39,0.004534
12/20/2019,9.27,0.004896
12/23/2019,9.83,0.000897
12/24/2019,9.56,-0.000132
12/26/2019,9.94,0.005385
12/27/2019,11,0.000028
12/30/2019,13.77,-0.005631
12/31/2019,13.26,0.002954
1/2/2020,10.6,0.00857
1/3/2020,12.78,-0.00695
1/6/2020,12.42,0.003566
1/7/2020,12.34,-0.002669
1/8/2020,12.22,0.004827
1/9/2020,10.86,0.006939
1/10/2020,10.57,-0.002841
1/13/2020,10.05,0.006957
1/14/2020,10.18,-0.001388
1/15/2020,9.69,0.001782
1/16/2020,9.71,0.008459
1/17/2020,9.04,0.003742
1/21/2020,11.38,-0.002617
1/22/2020,11.03,0.000322
1/23/2020,11.4,0.00119
1/24/2020,14.65,-0.009072
1/27/2020,21.3,-0.015637
1/28/2020,18.34,0.010117
1/29/2020,18.12,-0.000904
1/30/2020,16.41,0.003377
1/31/2020,21.66,-0.017209
2/3/2020,19.23,0.007296
2/4/2020,15.81,0.014994
2/5/2020,13.69,0.011113
2/6/2020,12.98,0.003467
2/7/2020,13.73,-0.005025
2/10/2020,12.89,0.007484
2/11/2020,13.04,0.002015
2/12/2020,10.84,0.006558
2/13/2020,11.83,-0.001323
2/14/2020,10.98,0.001932
2/18/2020,13.02,-0.002658
2/19/2020,11.88,0.004782
2/20/2020,13.86,-0.003852
2/21/2020,15.77,-0.010591
2/24/2020,31.9,-0.033359
2/25/2020,36.35,-0.030269
2/26/2020,34.84,-0.003772
2/27/2020,54.74,-0.043781
2/28/2020,52.9,-0.008242
3/2/2020,42.17,0.045959
3/3/2020,47.34,-0.028014
3/4/2020,37.06,0.04215
3/5/2020,48.63,-0.03363
3/6/2020,48.55,-0.016819
3/9/2020,70.3,-0.075275
3/10/2020,57.39,0.049281
3/11/2020,68.21,-0.048751
3/12/2020,103.56,-0.095036
3/13/2020,69.87,0.093205
3/16/2020,106.66,-0.11897
3/17/2020,92.93,0.060242
3/18/2020,97.22,-0.050477
3/19/2020,91.02,0.00467
3/20/2020,83.47,-0.043187
3/23/2020,78.76,-0.028576
3/24/2020,78.04,0.092646
3/25/2020,81.3,0.010971
3/26/2020,73.61,0.062088
3/27/2020,72.33,-0.033559
3/30/2020,62.8,0.03355
3/31/2020,60.16,-0.015948
4/1/2020,61.33,-0.043645
4/2/2020,52.81,0.022726
4/3/2020,46.66,-0.014551
4/6/2020,47.02,0.070015
4/7/2020,48.34,-0.001665
4/8/2020,42.46,0.033801
4/9/2020,40.42,0.014454
4/13/2020,41.74,-0.009366
4/14/2020,38.81,0.030843
4/15/2020,41.64,-0.021556
4/16/2020,40.49,0.00619
4/17/2020,36.18,0.026322
4/20/2020,44,-0.017771
4/21/2020,45.46,-0.030447
4/22/2020,40.21,0.022846
4/23/2020,39.35,-0.000388
4/24/2020,31.72,0.013758
4/27/2020,31.41,0.014428
4/28/2020,32.44,-0.005305
4/29/2020,29.66,0.026208
4/30/2020,32.88,-0.008936
5/1/2020,35.57,-0.027987
5/4/2020,35.45,0.004454
5/5/2020,33.19,0.009042
5/6/2020,33.98,-0.006842
5/7/2020,29.75,0.01207
5/8/2020,24.89,0.017096
5/11/2020,26.17,0.000148
5/12/2020,33.36,-0.020425
5/13/2020,34.63,-0.017138
5/14/2020,31.66,0.011669
5/15/2020,29.71,0.00427
5/18/2020,27.62,0.031482
5/19/2020,28.03,-0.010403
5/20/2020,24.93,0.016702
5/21/2020,26.15,-0.007929
5/22/2020,23.47,0.002457
5/26/2020,25.5,0.012164
5/27/2020,25.17,0.014605
5/28/2020,26.02,-0.001863
5/29/2020,24.59,0.004922
6/1/2020,27.08,0.003979
6/2/2020,25.06,0.008075
6/3/2020,23.97,0.013602
6/4/2020,23.56,-0.003255
6/5/2020,22.63,0.025805
6/8/2020,25.18,0.012263
6/9/2020,26.92,-0.007465
6/10/2020,27.1,-0.005108
6/11/2020,42.06,-0.058263
6/12/2020,36.52,0.013059
6/15/2020,35.98,0.008464
6/16/2020,35.38,0.018946
6/17/2020,33.98,-0.003646
6/18/2020,32.05,0.000805
6/19/2020,33.92,-0.005284
6/22/2020,31.23,0.006543
6/23/2020,30.29,0.004316
6/24/2020,33.25,-0.025571
6/25/2020,30.92,0.010927
6/26/2020,33.31,-0.024285
6/29/2020,30.42,0.01474
6/30/2020,29.14,0.015346
7/1/2020,25.2,0.005266
7/2/2020,22.64,0.004715
7/6/2020,25.23,0.01607
7/7/2020,26.84,-0.010446
7/8/2020,23.67,0.007812
7/9/2020,25.55,-0.00493
7/10/2020,22.59,0.0106
7/13/2020,30.31,-0.00953
7/14/2020,27.78,0.013302
7/15/2020,25.22,0.008938
7/16/2020,25.85,-0.003355
7/17/2020,22.16,0.002691
7/20/2020,22.52,0.008785
7/21/2020,23.33,0.001624
7/22/2020,21.65,0.005591
7/23/2020,24.1,-0.012421
7/24/2020,22.7,-0.006038
7/27/2020,22.38,0.007415
7/28/2020,23.54,-0.006553
7/29/2020,21.93,0.012316
7/30/2020,22.79,-0.003576
7/31/2020,20.61,0.007894
8/3/2020,20.95,0.006842
8/4/2020,20.44,0.003775
8/5/2020,19.02,0.006357
8/6/2020,19.4,0.006495
8/7/2020,18.08,0.000845
8/10/2020,18.88,0.002842
8/11/2020,21.89,-0.00802
8/12/2020,18.9,0.014106
8/13/2020,18.54,-0.001655
8/14/2020,17.87,-0.000052
8/17/2020,17.6,0.002937
8/18/2020,17.82,0.002708
8/19/2020,19.23,-0.004358
8/20/2020,18.85,0.003108
8/21/2020,18.01,0.003508
8/24/2020,18.81,0.01011
8/25/2020,18.09,0.003522
8/26/2020,19.96,0.010173
8/27/2020,20.19,0.001848
8/28/2020,17.13,0.006933
8/31/2020,21.1,-0.002009
9/1/2020,19.65,0.007952
9/2/2020,20.71,0.015351
9/3/2020,30.45,-0.034955
9/4/2020,29.41,-0.008178
9/8/2020,32.91,-0.027921
9/9/2020,29.09,0.020237
9/10/2020,30.43,-0.017577
9/11/2020,26.33,0.000399
9/14/2020,25.06,0.012983
9/15/2020,24.22,0.005349
9/16/2020,23.77,-0.004753
9/17/2020,24.95,-0.008466
9/18/2020,24.02,-0.01134
9/21/2020,28.11,-0.011257
9/22/2020,25.95,0.01082
9/23/2020,27.97,-0.023827
9/24/2020,27.65,0.003153
9/25/2020,24.57,0.016035
9/28/2020,25.21,0.016099
9/29/2020,25.99,-0.004733
9/30/2020,25.77,0.008263
10/1/2020,24.8,0.005692
10/2/2020,24.64,-0.00976
10/5/2020,23.51,0.01806
10/6/2020,25.08,-0.014074
10/7/2020,21.74,0.017389
10/8/2020,19.94,0.008262
10/9/2020,18.85,0.008996
10/12/2020,20.3,0.016701
10/13/2020,21.39,-0.00613
10/14/2020,21.3,-0.006746
10/15/2020,21.38,-0.001529
10/16/2020,21.64,-0.000083
10/19/2020,24.65,-0.016384
10/20/2020,24.57,0.004811
10/21/2020,23.2,-0.002255
10/22/2020,24.06,0.005249
10/23/2020,24.29,0.003499
10/26/2020,35.91,-0.018394
10/27/2020,37.29,-0.002814
10/28/2020,47.9,-0.035198
10/29/2020,44.34,0.011972
10/30/2020,44.33,-0.012228
11/2/2020,43.86,0.012177
11/3/2020,43.2,0.017793
11/4/2020,32.46,0.022218
11/5/2020,28.09,0.019562
11/6/2020,23.96,-0.000014
11/9/2020,26.71,0.011808
11/10/2020,24.43,-0.00143
11/11/2020,21.59,0.0079
11/12/2020,23.88,-0.009679
11/13/2020,21.01,0.013753
11/16/2020,19.33,0.011511
11/17/2020,18.81,-0.004613
11/18/2020,19.59,-0.011277
11/19/2020,19.26,0.004214
11/20/2020,19.86,-0.00683
11/23/2020,19.58,0.005592
11/24/2020,18.4,0.016071
11/25/2020,17.14,-0.00139
11/27/2020,18.25,0.002563
11/30/2020,19.87,-0.004343
12/1/2020,19.87,0.01134
12/2/2020,19.29,0.001739
12/3/2020,19.35,-0.00047
12/4/2020,17.96,0.008764
12/7/2020,18.74,-0.001935
12/8/2020,18.17,0.002839
12/9/2020,19.99,-0.008042
12/10/2020,19.67,-0.001213
12/11/2020,20.45,-0.001222
12/14/2020,23.67,-0.004099
12/15/2020,20.19,0.012959
12/16/2020,18.8,0.001945
12/17/2020,18.62,0.005728
12/18/2020,16.7,-0.003363
12/21/2020,21.56,-0.004027
12/22/2020,19.91,-0.001989
12/23/2020,19.2,0.000729
12/24/2020,17.12,0.003623
12/28/2020,20.05,0.008919
12/29/2020,21.47,-0.002235
12/30/2020,21.31,0.001484
12/31/2020,21.2,0.006377
1/4/2021,27.39,-0.014456
1/5/2021,24.29,0.007089
1/6/2021,23.77,0.005644
1/7/2021,19.42,0.015175
1/8/2021,18.34,0.005929
1/11/2021,21.69,-0.006926
1/12/2021,20.65,0.000608
1/13/2021,18.91,0.002202
1/14/2021,21.17,-0.003836
1/15/2021,21.69,-0.007237
1/19/2021,21.88,0.008116
1/20/2021,18.85,0.014159
1/21/2021,18.23,0.000446
1/22/2021,18.42,-0.002842
1/25/2021,20.66,0.003733
1/26/2021,20.46,-0.001275
1/27/2021,41.64,-0.025727
1/28/2021,30,0.009418
1/29/2021,32.63,-0.019383
2/1/2021,28.99,0.016284
2/2/2021,22.44,0.014103
2/3/2021,18.97,0.000777
2/4/2021,17.48,0.010978
2/5/2021,15.52,0.004043
2/8/2021,16.57,0.00728
2/9/2021,17.09,-0.001149
2/10/2021,17.68,-0.000697
2/11/2021,17.09,0.001754
2/12/2021,15.05,0.004764
2/16/2021,19.32,-0.000602
2/17/2021,18.41,-0.000055
2/18/2021,19.46,-0.00463
2/19/2021,18.33,-0.001924
2/22/2021,21.22,-0.007937
2/23/2021,21.3,0.001221
2/24/2021,18.35,0.011304
2/25/2021,31.81,-0.024413
2/26/2021,29.42,-0.004621
3/1/2021,22.7,0.023849
3/2/2021,23.17,-0.008142
3/3/2021,26.88,-0.013228
3/4/2021,29.3,-0.013168
3/5/2021,23.83,0.019351
3/8/2021,25.7,-0.005542
3/9/2021,24.11,0.014698
3/10/2021,20.98,0.006106
3/11/2021,20.01,0.010424
3/12/2021,17.41,0.001315
3/15/2021,17.74,0.006507
3/16/2021,17.93,-0.001675
3/17/2021,16.69,0.002983
3/18/2021,20.33,-0.015014
3/19/2021,18.28,-0.000361
3/22/2021,16.4,0.007043
3/23/2021,18.37,-0.007555
3/24/2021,19.07,-0.005638
3/25/2021,17.16,0.00537
3/26/2021,16.32,0.016138
3/29/2021,18.85,-0.000798
3/30/2021,17.28,-0.002865
3/31/2021,15.62,0.003844
4/1/2021,12.97,0.011758
4/5/2021,15.65,0.014844
4/6/2021,15.71,-0.000815
4/7/2021,14.13,0.0014
4/8/2021,13.94,0.004571
4/9/2021,13.19,0.007657
4/12/2021,14.24,-0.000051
4/13/2021,13.78,0.003534
4/14/2021,14.1,-0.004158
4/15/2021,14.22,0.011068
4/16/2021,12.97,0.003581
4/19/2021,15.42,-0.005326
4/20/2021,17.33,-0.006726
4/21/2021,14.79,0.00931
4/22/2021,16.77,-0.009237
4/23/2021,14.07,0.010961
4/26/2021,14.81,0.001814
4/27/2021,14.55,-0.000326
4/28/2021,13.62,-0.00072
4/29/2021,13.96,0.006769
4/30/2021,15.53,-0.00687
5/3/2021,16.17,0.002564
5/4/2021,17.75,-0.006907
5/5/2021,17.57,0.000718
5/6/2021,16.04,0.008241
5/7/2021,14.09,0.007419
5/10/2021,19.68,-0.010683
5/11/2021,22.03,-0.008571
5/12/2021,29.55,-0.021445
5/13/2021,23.21,0.012223
5/14/2021,17.41,0.015167
5/17/2021,18.83,-0.002492
5/18/2021,20.99,-0.0083
5/19/2021,21.21,-0.00287
5/20/2021,18.56,0.010717
5/21/2021,17.12,-0.000865
5/24/2021,14.67,0.010082
5/25/2021,15.79,-0.002094
5/26/2021,13.84,0.002033
5/27/2021,13.03,0.001228
5/28/2021,12.73,0.000802
6/1/2021,15,-0.000367
6/2/2021,13.7,0.001474
6/3/2021,15.18,-0.003606
6/4/2021,12.7,0.008929
6/7/2021,13.91,-0.000694
6/8/2021,15.43,0.00036
6/9/2021,17.09,-0.001831
6/10/2021,13.83,0.004762
6/11/2021,13.06,0.00197
6/14/2021,14.92,0.002089
6/15/2021,15.92,-0.002041
6/16/2021,17.94,-0.005393
6/17/2021,16.67,-0.00015
6/18/2021,20.14,-0.012998
6/21/2021,16.83,0.01394
6/22/2021,14.58,0.005163
6/23/2021,13.63,-0.000985
6/24/2021,12.77,0.005864
6/25/2021,11.86,0.00325
6/28/2021,11.92,0.002246
6/29/2021,11.86,0.000272
6/30/2021,11.11,0.001445
7/1/2021,11.43,0.005164
7/2/2021,10.4,0.007751
7/6/2021,13.76,-0.001723
7/7/2021,13.07,0.003334
7/8/2021,17.24,-0.008136
7/9/2021,13.02,0.011143
7/12/2021,13.52,0.00352
7/13/2021,14.98,-0.003597
7/14/2021,13.45,0.001294
7/15/2021,14.55,-0.003349
7/16/2021,16.3,-0.007496
7/19/2021,22.15,-0.015761
7/20/2021,17.86,0.015235
7/21/2021,14.65,0.00814
7/22/2021,14.07,0.002072
7/23/2021,12.87,0.010027
7/26/2021,14.01,0.002546
7/27/2021,17.16,-0.004933
7/28/2021,14.82,-0.000167
7/29/2021,13.65,0.00439
7/30/2021,14.36,-0.00563
8/2/2021,16.21,-0.001672
8/3/2021,13.68,0.008247
8/4/2021,13.62,-0.004537
8/5/2021,13.25,0.006142
8/6/2021,10.96,0.001615
8/9/2021,12.75,-0.000557
8/10/2021,13.23,0.000976
8/11/2021,11.58,0.002297
8/12/2021,11.54,0.003263
8/13/2021,11.21,0.001551
8/16/2021,13.07,0.002374
8/17/2021,16.29,-0.007015
8/18/2021,23.12,-0.010471
8/19/2021,21.24,0.001095
8/20/2021,15.1,0.008181
8/23/2021,14.02,0.008789
8/24/2021,13.94,0.001546
8/25/2021,12.99,0.002172
8/26/2021,17.11,-0.005823
8/27/2021,12.32,0.008814
8/30/2021,12,0.004514
8/31/2021,12.75,-0.001075
9/1/2021,11.75,0.000448
9/2/2021,12.73,0.002894
9/3/2021,11.66,-0.000222
9/7/2021,15.33,-0.003154
9/8/2021,14.75,-0.001246
9/9/2021,16.55,-0.00452
9/10/2021,22.58,-0.007797
9/13/2021,20.2,0.002151
9/14/2021,19.43,-0.005603
9/15/2021,16.2,0.008445
9/16/2021,16.64,-0.001413
9/17/2021,19.66,-0.009047
9/20/2021,27.7,-0.017067
9/21/2021,25.13,-0.000723
9/22/2021,19.46,0.009622
9/23/2021,17.08,0.012149
9/24/2021,15.24,0.001582
9/27/2021,16.96,-0.002696
9/28/2021,24.56,-0.020262
9/29/2021,21.79,0.001667
9/30/2021,23.03,-0.011857
10/1/2021,19.42,0.011278
10/4/2021,23.04,-0.012921
10/5/2021,20.32,0.010615
10/6/2021,19.54,0.004041
10/7/2021,18.13,0.008542
10/8/2021,16.74,-0.001875
10/11/2021,19.75,-0.006783
10/12/2021,19.41,-0.002256
10/13/2021,17.45,0.003015
10/14/2021,14.8,0.017007
10/15/2021,13.24,0.007598
10/18/2021,13.91,0.003602
10/19/2021,13.34,0.007351
10/20/2021,12.69,0.003599
10/21/2021,11.81,0.003055
10/22/2021,11.98,-0.001036
10/25/2021,13.09,0.005075
10/26/2021,14.33,0.001778
10/27/2021,15.16,-0.004915
10/28/2021,14.31,0.009967
10/29/2021,13.67,0.002005
11/1/2021,15.02,0.002094
11/2/2021,14.74,0.003559
11/3/2021,13.1,0.00677
11/4/2021,13.04,0.004298
11/5/2021,13.15,0.003764
11/8/2021,14.43,0.000482
11/9/2021,15.19,-0.003828
11/10/2021,15.95,-0.00783
11/11/2021,14.3,0.000478
11/12/2021,11.99,0.007066
11/15/2021,12.2,0.000001
11/16/2021,11.94,0.003885
11/17/2021,11.51,-0.002252
11/18/2021,12.43,0.003638
11/19/2021,12.45,-0.001335
11/22/2021,16.06,-0.003065
11/23/2021,16.35,0.001467
11/24/2021,14.82,0.002341
11/26/2021,30.6,-0.022706
11/29/2021,21.43,0.013275
11/30/2021,28.38,-0.018746
12/1/2021,33.93,-0.01212
12/2/2021,28.04,0.014156
12/3/2021,31.7,-0.008539
12/6/2021,27.29,0.011676
12/7/2021,20.83,0.020714
12/8/2021,17.5,0.003085
12/9/2021,20.49,-0.007242
12/10/2021,15.7,0.009765
12/13/2021,18.54,-0.009225
12/14/2021,21.02,-0.007209
12/15/2021,16.78,0.016492
12/16/2021,18.76,-0.008979
12/17/2021,19.35,-0.010215
12/20/2021,22.21,-0.011578
12/21/2021,18.83,0.01788
12/22/2021,14.76,0.010379
12/23/2021,13.71,0.006407
12/27/2021,14.48,0.013645
12/28/2021,14.4,-0.000978
12/29/2021,12.85,0.001275
12/30/2021,13.86,-0.002951
12/31/2021,13.26,-0.002604
1/3/2022,13.52,0.007068
1/4/2022,13.88,-0.000884
1/5/2022,18.07,-0.019447
1/6/2022,17.06,-0.001074
1/7/2022,15.4,-0.00405
1/10/2022,17.91,-0.001293
1/11/2022,16.59,0.00926
1/12/2022,14.68,0.002872
1/13/2022,18.79,-0.014269
1/14/2022,17.31,0.000827
1/18/2022,24.17,-0.018416
1/19/2022,23.96,-0.009762
1/20/2022,26.73,-0.01098
1/21/2022,30.86,-0.019144
1/24/2022,35.82,0.00277
1/25/2022,37.18,-0.012309
1/26/2022,37.4,-0.001522
1/27/2022,33.03,-0.005763
1/28/2022,28.13,0.024556
1/31/2022,25.33,0.019292
2/1/2022,21.1,0.006876
2/2/2022,21.6,0.009221
2/3/2022,24.11,-0.023901
2/4/2022,21.86,0.005949
2/7/2022,21.61,-0.003711
2/8/2022,20.07,0.008489
2/9/2022,18.67,0.014513
2/10/2022,23.71,-0.017973
2/11/2022,26.84,-0.019144
2/14/2022,27.62,-0.003569
2/15/2022,24.49,0.015987
2/16/2022,21.32,0.001096
2/17/2022,27.69,-0.021027
2/18/2022,26.03,-0.007154
2/22/2022,28.62,-0.010288
2/23/2022,30.71,-0.018682
2/24/2022,30.04,0.015284
2/25/2022,26.15,0.022328
2/28/2022,31.5,-0.002131
3/1/2022,34.8,-0.01532
3/2/2022,30.79,0.018467
3/3/2022,30.02,-0.00534
3/4/2022,31.11,-0.007821
3/7/2022,38.57,-0.029708
3/8/2022,36.66,-0.007213
3/9/2022,33.44,0.025961
3/10/2022,30.01,-0.003851
3/11/2022,30.63,-0.012938
3/14/2022,34.23,-0.007338
3/15/2022,30.71,0.021584
3/16/2022,26.51,0.02247
3/17/2022,24.94,0.012463
3/18/2022,22.19,0.011845
3/21/2022,22.73,-0.000504
3/22/2022,22.57,0.011691
3/23/2022,23.21,-0.012126
3/24/2022,20.42,0.014291
3/25/2022,18.45,0.004892
3/28/2022,17.82,0.007667
3/29/2022,17.54,0.012265
3/30/2022,17.43,-0.0062
3/31/2022,18.4,-0.015582
4/1/2022,16,0.003567
4/4/2022,15.76,0.008523
4/5/2022,18.62,-0.012605
4/6/2022,19.64,-0.0098
4/7/2022,19.05,0.00426
4/8/2022,17.3,-0.002892
4/11/2022,22.85,-0.017024
4/12/2022,22.49,-0.003266
4/13/2022,19.15,0.011842
4/14/2022,19.34,-0.012254
4/18/2022,20.88,-0.000323
4/19/2022,20.7,0.016246
4/20/2022,19.3,-0.000906
4/21/2022,22.21,-0.014461
4/22/2022,29.07,-0.027733
4/25/2022,28.95,0.005687
4/26/2022,37.74,-0.028578
4/27/2022,34.82,0.002047
4/28/2022,32.25,0.024755
4/29/2022,36.11,-0.036625
5/2/2022,35.4,0.005754
5/3/2022,31.61,0.004805
5/4/2022,26.16,0.029917
5/5/2022,33.25,-0.035704
5/6/2022,29.79,-0.005694
5/9/2022,36.65,-0.032097
5/10/2022,34.7,0.00243
5/11/2022,33.92,-0.016731
5/12/2022,33.32,-0.000901
5/13/2022,29.38,0.024221
5/16/2022,28.52,-0.00425
5/17/2022,26.92,0.019664
5/18/2022,32.3,-0.040581
5/19/2022,30.69,-0.005853
5/20/2022,29.19,0.000046
5/23/2022,28.98,0.018698
5/24/2022,29.48,-0.008435
5/25/2022,27.37,0.009641
5/26/2022,25.67,0.020241
5/27/2022,23.13,0.025117
5/31/2022,25.91,-0.005923
6/1/2022,25.12,-0.007374
6/2/2022,23.57,0.018692
6/3/2022,23.05,-0.0166
6/6/2022,25.57,0.00328
6/7/2022,24.23,0.009326
6/8/2022,23.91,-0.010664
6/9/2022,27.54,-0.023713
6/10/2022,28.78,-0.028969
6/13/2022,38.86,-0.038909
6/14/2022,36.95,-0.002986
6/15/2022,32.53,0.014826
6/16/2022,36.58,-0.032319
6/17/2022,30.4,0.002414
6/21/2022,30.38,0.024797
6/22/2022,28.3,-0.001251
6/23/2022,28.29,0.009778
6/24/2022,26.04,0.030494
6/27/2022,25.81,-0.003033
6/28/2022,27.18,-0.020356
6/29/2022,26.56,-0.000546
6/30/2022,26.86,-0.008658
7/1/2022,23.56,0.010765
7/5/2022,27.34,0.002174
7/6/2022,25.95,0.003536
7/7/2022,24.79,0.015114
7/8/2022,21.91,-0.000675
7/11/2022,24.46,-0.011747
7/12/2022,27.13,-0.009142
7/13/2022,25.94,-0.004317
7/14/2022,25.22,-0.00266
7/15/2022,22.14,0.019092
7/18/2022,25.6,-0.008342
7/19/2022,26.2,0.027587
7/20/2022,25.18,0.005996
7/21/2022,23.44,0.010359
7/22/2022,22.09,-0.009222
7/25/2022,23.09,0.001217
7/26/2022,24.95,-0.012078
7/27/2022,22.14,0.026366
7/28/2022,20.81,0.012401
7/29/2022,18.57,0.014857
8/1/2022,21.94,-0.002696
8/2/2022,23.25,-0.006535
8/3/2022,20.56,0.015656
8/4/2022,19.69,-0.000744
8/5/2022,19.32,-0.001804
8/8/2022,19.93,-0.001232
8/9/2022,20.81,-0.004141
8/10/2022,17.59,0.021316
8/11/2022,18.03,-0.000588
8/12/2022,16.78,0.017616
8/15/2022,18.54,0.004108
8/16/2022,18.6,0.002097
8/17/2022,18.64,-0.007061
8/18/2022,17.67,0.002346
8/19/2022,18.24,-0.012847
8/22/2022,22.85,-0.021255
8/23/2022,23.35,-0.002117
8/24/2022,21.2,0.002939
8/25/2022,20.34,0.01402
8/26/2022,23.9,-0.033627
8/29/2022,24.76,-0.006521
8/30/2022,24.41,-0.010891
8/31/2022,23.69,-0.007582
9/1/2022,23.76,0.003311
9/2/2022,22.97,-0.010674
9/6/2022,26.99,-0.003943
9/7/2022,24.05,0.018526
9/8/2022,22.84,0.006667
9/9/2022,21.71,0.015416
9/12/2022,25.26,0.010676
9/13/2022,29.14,-0.043147
9/14/2022,27.28,0.003801
9/15/2022,27.11,-0.011139
9/16/2022,27.06,-0.007275
9/19/2022,27.78,0.006932
9/20/2022,30.39,-0.011136
9/21/2022,30.34,-0.017027
9/22/2022,27.67,-0.008566
9/23/2022,30.25,-0.017479
9/26/2022,34.14,-0.009991
9/27/2022,33.49,-0.002054
9/28/2022,31.16,0.01973
9/29/2022,32.67,-0.021155
9/30/2022,31.19,-0.015014
10/3/2022,30.65,0.025506
10/4/2022,29.82,0.03073
10/5/2022,28.81,-0.002047
10/6/2022,31.3,-0.009939
10/7/2022,30.55,-0.028001
10/10/2022,32.22,-0.007292
10/11/2022,34.66,-0.006459
10/12/2022,34.61,-0.00322
10/13/2022,31.51,0.025674
10/14/2022,29.67,-0.023847
10/17/2022,30.6,0.026605
10/18/2022,28.99,0.011605
10/19/2022,28.67,-0.006619
10/20/2022,27.87,-0.007731
10/21/2022,28.46,0.023704
10/24/2022,31.66,0.011759
10/25/2022,30.67,0.016229
10/26/2022,29.32,-0.007264
10/27/2022,29.77,-0.006063
10/28/2022,27.81,0.02446
10/31/2022,29.8,-0.00721
11/1/2022,30.51,-0.004352
11/2/2022,29.37,-0.025021
11/3/2022,28.4,-0.010445
11/4/2022,27.04,0.013568
11/7/2022,27.16,0.009414
11/8/2022,28.7,0.005322
11/9/2022,28.9,-0.020746
11/10/2022,24.46,0.055196
11/11/2022,21.31,0.009163
11/14/2022,21.19,-0.008883
11/15/2022,21.8,0.009071
11/16/2022,19.67,-0.007901
11/17/2022,19.74,-0.002875
11/18/2022,18.34,0.004706
11/21/2022,19.51,-0.003936
11/22/2022,19.03,0.013493
11/23/2022,16.91,0.006105
11/25/2022,17.06,-0.000257
11/28/2022,20.07,-0.015199
11/29/2022,20.39,-0.001637
11/30/2022,18.87,0.03114
12/1/2022,18.38,-0.000571
12/2/2022,17.95,-0.0011
12/5/2022,23.81,-0.01803
12/6/2022,27.08,-0.014438
12/7/2022,28.07,-0.001943
12/8/2022,26.74,0.007511
12/9/2022,26.48,-0.007392
12/12/2022,29.54,0.014075
12/13/2022,23.7,0.007048
12/14/2022,20.2,-0.005842
12/15/2022,21.73,-0.02471
12/16/2022,20.51,-0.011086
12/19/2022,20.83,-0.008912
12/20/2022,19.78,0.000957
12/21/2022,17.58,0.01492
12/22/2022,19.84,-0.014538
12/23/2022,17.49,0.005843
12/27/2022,19.77,-0.004123
12/28/2022,20.88,-0.012059
12/29/2022,20.49,0.017555
12/30/2022,21.14,-0.002393
1/3/2023,25.08,-0.004005
1/4/2023,23.92,0.007645
1/5/2023,24.54,-0.011367
1/6/2023,21.57,0.022905
1/9/2023,23.04,-0.000486
1/10/2023,21.5,0.006963
1/11/2023,22.41,0.013011
1/12/2023,16.46,0.003427
1/13/2023,14.82,0.00415
1/17/2023,16.61,-0.001961
1/18/2023,17.24,-0.015521
1/19/2023,18.28,-0.007557
1/20/2023,18.26,0.0189
1/23/2023,21.25,0.01193
1/24/2023,21.84,-0.000641
1/25/2023,22.01,-0.000132
1/26/2023,21.05,0.011191
1/27/2023,20.03,0.002809
1/30/2023,22.42,-0.012904
1/31/2023,21.74,0.014654
2/1/2023,18.56,0.010528
2/2/2023,19.13,0.014567
2/3/2023,17.76,-0.010253
2/6/2023,20.67,-0.006123
2/7/2023,19.62,0.012637
2/8/2023,21,-0.010951
2/9/2023,22.74,-0.008517
2/10/2023,21.5,0.002336
2/13/2023,21.41,0.011598
2/14/2023,17.72,0.000036
2/15/2023,16.02,0.003114
2/16/2023,19.33,-0.013773
2/17/2023,16.94,-0.002374
2/21/2023,21.14,-0.019911
2/22/2023,19.2,-0.001495
2/23/2023,18.11,0.005153
2/24/2023,18.38,-0.010489
2/27/2023,19.37,0.003141
2/28/2023,19.59,-0.002974
3/1/2023,19.59,-0.004822
3/2/2023,18.71,0.007422
3/3/2023,17.76,0.016271
3/6/2023,19.6,0.000676
3/7/2023,20.96,-0.015254
3/8/2023,20.57,0.001419
3/9/2023,25.46,-0.018346
3/10/2023,26.86,-0.014611
3/13/2023,30.93,-0.001373
3/14/2023,25.97,0.017065
3/15/2023,29.31,-0.006724
3/16/2023,24.61,0.017518
3/17/2023,27.01,-0.01074
3/20/2023,25.9,0.008899
3/21/2023,22.84,0.013188
3/22/2023,23.75,-0.016325
3/23/2023,23.11,0.003004
3/24/2023,20.62,0.005564
3/27/2023,19.31,0.001791
3/28/2023,18.33,-0.001635
3/29/2023,17.17,0.014218
3/30/2023,17.3,0.00586
3/31/2023,16.51,0.014597
4/3/2023,17.03,0.003582
4/4/2023,17.42,-0.005652
4/5/2023,16.99,-0.002409
4/6/2023,15.68,0.003845
4/10/2023,16.8,0.000894
4/11/2023,16.86,-0.000099
4/12/2023,15.9,-0.004217
4/13/2023,14.65,0.01351
4/14/2023,13.35,-0.00208
4/17/2023,14.51,0.003304
4/18/2023,14.71,0.000835
4/19/2023,14.3,-0.000041
4/20/2023,15.13,-0.005959
4/21/2023,14.88,0.001091
4/24/2023,16.65,0.000804
4/25/2023,19.08,-0.015721
4/26/2023,19.28,-0.003914
4/27/2023,17.22,0.019578
4/28/2023,15.53,0.008069
5/1/2023,16.07,-0.000524
5/2/2023,18.61,-0.01146
5/3/2023,18.49,-0.00672
5/4/2023,19.88,-0.006951
5/5/2023,15.34,0.018595
5/8/2023,15.24,0.00049
5/9/2023,16.4,-0.004489
5/10/2023,14.59,0.00464
5/11/2023,14.49,-0.001268
5/12/2023,14.09,-0.001396
5/15/2023,14.64,0.002964
5/16/2023,15.99,-0.006225
5/17/2023,14.67,0.012009
5/18/2023,14.06,0.009622
5/19/2023,14.25,-0.001462
5/22/2023,15.52,0.000281
5/23/2023,17.37,-0.011201
5/24/2023,19.77,-0.007173
5/25/2023,18.46,0.008586
5/26/2023,17.24,0.013095
5/30/2023,16.51,0.000227
5/31/2023,16.85,-0.005681
6/1/2023,13.98,0.010081
6/2/2023,12.74,0.014403
6/5/2023,14.14,-0.001797
6/6/2023,13.83,0.00238
6/7/2023,13.86,-0.004005
6/8/2023,13.59,0.006606
6/9/2023,13.29,0.001368
6/12/2023,15.35,0.009529
6/13/2023,14.4,0.006921
6/14/2023,12.71,0.00122
6/15/2023,13.58,0.012306
6/16/2023,11.33,-0.003746
6/20/2023,12.92,-0.00467
6/21/2023,12.03,-0.00522
6/22/2023,11.15,0.004024
6/23/2023,11.61,-0.007678
6/26/2023,12.68,-0.004622
6/27/2023,12.05,0.011485
6/28/2023,11.74,-0.000233
6/29/2023,11.75,0.004535
6/30/2023,11.53,0.01234
7/3/2023,12,0.001322
7/5/2023,12.57,-0.001788
7/6/2023,13.96,-0.007899
7/7/2023,12.6,-0.00281
7/10/2023,13.5,0.002221
7/11/2023,13.7,0.00671
7/12/2023,11.38,0.007411
7/13/2023,12.13,0.008627
7/14/2023,11.9,-0.000801
7/17/2023,13.09,0.003764
7/18/2023,13.15,0.00706
7/19/2023,13.36,0.002407
7/20/2023,13.57,-0.006908
7/21/2023,12.5,0.000367
7/24/2023,13.41,0.00406
7/25/2023,13.49,0.002748
7/26/2023,11.74,-0.000107
7/27/2023,13.47,-0.006406
7/28/2023,11.23,0.010014
7/31/2023,12.62,0.001518
8/1/2023,13.01,-0.002747
8/2/2023,15.4,-0.013797
8/3/2023,15.06,-0.002448
8/4/2023,16.09,-0.005077
8/7/2023,14.68,0.008926
8/8/2023,14.81,-0.004001
8/9/2023,15.33,-0.006878
8/10/2023,15.38,0.000432
8/11/2023,13.63,-0.000839
8/14/2023,14.57,0.005735
8/15/2023,16.56,-0.01134
8/16/2023,16.36,-0.007465
8/17/2023,17.47,-0.00768
8/18/2023,16.54,-0.000035
8/21/2023,16.82,0.006909
8/22/2023,16.39,-0.002661
8/23/2023,15.34,0.011024
8/24/2023,16.1,-0.01367
8/25/2023,13.78,0.006986
8/28/2023,13.53,0.006312
8/29/2023,13.3,0.014691
8/30/2023,12.42,0.00394
8/31/2023,11.79,-0.001229
9/1/2023,10.45,0.001653
9/5/2023,12.89,-0.004019
9/6/2023,13.1,-0.007015
9/7/2023,13.1,-0.002863
9/8/2023,12.38,0.001546
9/11/2023,13.27,0.007103
9/12/2023,14.05,-0.006201
9/13/2023,12.47,0.001446
9/14/2023,11.8,0.008693
9/15/2023,12.51,-0.012004
9/18/2023,13.62,0.00051
9/19/2023,14.23,-0.002097
9/20/2023,15.27,-0.009268
9/21/2023,18.88,-0.016604
9/22/2023,17.51,-0.002359
9/25/2023,17.56,0.004031
9/26/2023,19.85,-0.01476
9/27/2023,18.92,0.000211
9/28/2023,17.63,0.006035
9/29/2023,17.2,-0.002591
10/2/2023,17.61,0.000168
10/3/2023,19.9,-0.013755
10/4/2023,18.3,0.008379
10/5/2023,18.36,-0.001211
10/6/2023,16.29,0.011896
10/9/2023,17.88,0.006301
10/10/2023,17.11,0.005295
10/11/2023,15.17,0.004385
10/12/2023,15.87,-0.00615
10/13/2023,18.76,-0.005055
10/16/2023,17.19,0.010679
10/17/2023,17.71,-0.000055
10/18/2023,18.9,-0.013434
10/19/2023,21.46,-0.008553
10/20/2023,20.76,-0.012846
10/23/2023,20.69,-0.001565
10/24/2023,19.31,0.007375
10/25/2023,20.49,-0.014487
10/26/2023,20.8,-0.011837
10/27/2023,21.36,-0.004564
10/30/2023,20.65,0.012027
10/31/2023,19.02,0.00658
11/1/2023,16.87,0.010554
11/2/2023,15.16,0.018966
11/3/2023,13.71,0.00926
11/6/2023,14.53,0.001979
11/7/2023,14.43,0.002978
11/8/2023,13.83,0.001147
11/9/2023,14.7,-0.008068
11/10/2023,12.78,0.015698
11/13/2023,13.8,-0.000551
11/14/2023,12.87,0.019235
11/15/2023,11.89,0.001667
11/16/2023,11.81,0.000855
11/17/2023,10.67,0.001417
11/20/2023,11.14,0.007435
11/21/2023,11.47,-0.001954
11/22/2023,9.96,0.004055
11/24/2023,9.83,0.000654
11/27/2023,11.27,-0.001955
11/28/2023,11.52,0.001055
11/29/2023,12.05,-0.000859
11/30/2023,12.3,0.003988
12/1/2023,11.98,0.005984
12/4/2023,13.46,-0.005437
12/5/2023,13.53,-0.000419
12/6/2023,13.67,-0.003924
12/7/2023,13.73,0.008159
12/8/2023,12.21,0.004106
12/11/2023,12.68,0.003802
12/12/2023,11.64,0.004176
12/13/2023,12.43,0.013767
12/14/2023,12.29,0.002816
12/15/2023,10.87,0.00013
12/18/2023,11.44,0.004629
12/19/2023,11.25,0.005943
12/20/2023,13.67,-0.014561
12/21/2023,13.11,0.010363
12/22/2023,11.56,0.001698
12/26/2023,12.45,0.004215
12/27/2023,11.23,0.001594
12/28/2023,11.23,0.00041
12/29/2023,10.67,-0.002802
1/2/2024,12.59,-0.005588
1/3/2024,13.24,-0.008041
1/4/2024,13.06,-0.0034
1/5/2024,11.71,0.001771
1/8/2024,11.7,0.014119
1/9/2024,11.35,-0.001373
1/10/2024,11.09,0.005646
1/11/2024,10.75,-0.000611
1/12/2024,10.52,0.000822
1/16/2024,12.64,-0.003796
1/17/2024,13.32,-0.005641
1/18/2024,12.66,0.008916
1/19/2024,11.82,0.012186
1/22/2024,13.18,0.002159
1/23/2024,12.49,0.002921
1/24/2024,13.58,0.000693
1/25/2024,13.74,0.00507
1/26/2024,13.07,-0.000534
1/29/2024,13.95,0.007538
1/30/2024,13.72,-0.000593
1/31/2024,14.55,-0.01606
2/1/2024,13.28,0.012703
2/2/2024,13.04,0.010607
2/5/2024,13.35,-0.003105
2/6/2024,12.46,0.002317
2/7/2024,11.96,0.008158
2/8/2024,11.6,0.000687
2/9/2024,11.61,0.005873
2/12/2024,13.03,-0.000973
2/13/2024,15,-0.013548
2/14/2024,12.92,0.009596
2/15/2024,12.47,0.005968
2/16/2024,12.57,-0.004581
2/20/2024,14.85,-0.005973
2/21/2024,14.65,0.001274
2/22/2024,13.17,0.021037
2/23/2024,11.92,0.000375
2/26/2024,13.13,-0.003564
2/27/2024,12.84,0.001704
2/28/2024,13.52,-0.001589
2/29/2024,12.48,0.005389
3/1/2024,11.82,0.008018
3/4/2024,13.23,-0.001212
3/5/2024,14.88,-0.010142
3/6/2024,14.88,0.005049
3/7/2024,14.55,0.010379
3/8/2024,14.63,-0.0065
3/11/2024,16.46,-0.001053
3/12/2024,14.07,0.011484
3/13/2024,14.1,-0.001944
3/14/2024,14.87,-0.00255
3/15/2024,14.16,-0.006528
3/18/2024,14.5,0.006474
3/19/2024,13.64,0.005602
3/20/2024,11.58,0.009014
3/21/2024,11.17,0.003139
3/22/2024,10.86,-0.001354
3/25/2024,11.47,-0.003014
3/26/2024,11.59,-0.002723
3/27/2024,10.53,0.008716
3/28/2024,10.56,0.001043
4/1/2024,12.62,-0.002029
4/2/2024,14.03,-0.00727
4/3/2024,13.27,0.001332
4/4/2024,17.14,-0.012127
4/5/2024,15.46,0.011001
4/8/2024,14.56,-0.000257
4/9/2024,14.7,0.001579
4/10/2024,15.81,-0.009306
4/11/2024,14.18,0.007452
4/12/2024,17.33,-0.014294
4/15/2024,20.76,-0.011956
4/16/2024,19.24,-0.002094
4/17/2024,18.1,-0.005736
4/18/2024,17.88,-0.002413
4/19/2024,18.13,-0.00861
4/22/2024,17.45,0.00864
4/23/2024,16.25,0.011849
4/24/2024,16.29,0.000424
4/25/2024,15.81,-0.004426
4/26/2024,14.67,0.010311
4/29/2024,15.11,0.003481
4/30/2024,16.66,-0.015666
5/1/2024,15.91,-0.003356
5/2/2024,14.86,0.00917
5/3/2024,12,0.012453
5/6/2024,13.13,0.010278
5/7/2024,12.76,0.001487
5/8/2024,12.48,-0.000113
5/9/2024,11.92,0.005237
5/10/2024,11.82,0.001635
5/13/2024,13.71,-0.000232
5/14/2024,13.31,0.00508
5/15/2024,11.42,0.011673
5/16/2024,10.96,-0.001524
5/17/2024,9.67,0.001288
5/20/2024,10.53,0.001024
5/21/2024,10.08,0.002702
5/22/2024,11.14,-0.002719
5/23/2024,10.79,-0.007513
5/24/2024,9.19,0.007003
5/28/2024,11.51,0.000162
5/29/2024,13.41,-0.007228
5/30/2024,13.67,-0.005879
5/31/2024,11.68,0.008006
6/3/2024,13.91,0.001235
6/4/2024,14.28,0.001764
6/5/2024,13.99,0.011763
6/6/2024,13.47,-0.000057
6/7/2024,12.33,-0.000975
6/10/2024,12.85,0.002689
6/11/2024,12.87,0.002759
6/12/2024,10.4,0.008732
6/13/2024,10.28,0.002401
6/14/2024,11,-0.000233
6/17/2024,11.94,0.008011
6/18/2024,11.12,0.002464
6/20/2024,12.36,-0.002509
6/21/2024,10.96,-0.001413
6/24/2024,11.83,-0.002859
6/25/2024,11.1,0.003779
6/26/2024,10.51,0.001804
6/27/2024,10.49,0.001105
6/28/2024,10.54,-0.004044
7/1/2024,10.93,0.002979
7/2/2024,10.6,0.006423
7/3/2024,10.72,0.005071
7/5/2024,10.81,0.005745
7/8/2024,11.05,0.001028
7/9/2024,11.11,0.000798
7/10/2024,12,0.010189
7/11/2024,11.42,-0.008838
7/12/2024,10.55,0.005475
7/15/2024,12.18,0.002877
7/16/2024,11.8,0.006295
7/17/2024,13.16,-0.013937
7/18/2024,14.9,-0.00802
7/19/2024,15.04,-0.006915
7/22/2024,14.79,0.0106
7/23/2024,14.61,-0.001215
7/24/2024,19.79,-0.023252
7/25/2024,19.82,-0.005206
7/26/2024,16.81,0.010915
7/29/2024,17.39,0.000962
7/30/2024,18.9,-0.005
7/31/2024,16.51,0.015975
8/1/2024,19.54,-0.013372
8/2/2024,23.31,-0.018756
8/5/2024,42.79,-0.029883
8/6/2024,28.93,0.010155
8/7/2024,29.26,-0.007721
8/8/2024,23.9,0.023086
8/9/2024,20.06,0.005046
8/12/2024,21.92,0.000141
8/13/2024,18.57,0.016737
8/14/2024,15.79,0.00382
8/15/2024,14.37,0.016735
8/16/2024,12.97,0.002156
8/19/2024,14.12,0.009655
8/20/2024,15.85,-0.001759
8/21/2024,15.65,0.004257
8/22/2024,16.55,-0.00887
8/23/2024,13.69,0.011377
8/26/2024,14.87,-0.003088
8/27/2024,14.17,0.001515
8/28/2024,16.64,-0.006041
8/29/2024,13.73,0.000162
8/30/2024,12.9,0.010318
9/3/2024,20.07,-0.020761
9/4/2024,20.43,-0.001599
9/5/2024,19.54,-0.002675
9/6/2024,22.26,-0.017288
9/9/2024,19.67,0.011669
9/10/2024,19.69,0.005051
9/11/2024,17.88,0.010717
9/12/2024,16.75,0.00774
9/13/2024,15.8,0.005625
9/16/2024,17.19,0.001546
9/17/2024,18.09,0.000014
9/18/2024,17.95,-0.002878
9/19/2024,14.66,0.016957
9/20/2024,13.2,-0.001697
9/23/2024,14.35,0.002997
9/24/2024,14.12,0.002475
9/25/2024,14.24,-0.001788
9/26/2024,14.56,0.003817
9/27/2024,15.74,-0.001189
9/30/2024,16.65,0.00436
10/1/2024,19.55,-0.009025
10/2/2024,18.76,0.0001
10/3/2024,20.41,-0.00184
10/4/2024,16.48,0.009261
10/7/2024,20,-0.009667
10/8/2024,18,0.009675
10/9/2024,16.41,0.007186
10/10/2024,15.49,-0.002022
10/11/2024,14.33,0.006035
10/14/2024,14.64,0.007561
10/15/2024,14.88,-0.007268
10/16/2024,14.25,0.004683
10/17/2024,13.85,-0.00015
10/18/2024,12.38,0.003996
10/21/2024,14.39,-0.001975
10/22/2024,14.55,-0.000385
10/23/2024,16.49,-0.00904
10/24/2024,16.67,0.00265
10/25/2024,18.49,-0.000415
10/28/2024,21.17,0.002577
10/29/2024,21.77,0.001574
10/30/2024,23.59,-0.003311
10/31/2024,26.05,-0.018412
11/1/2024,23.47,0.004336
11/4/2024,25.77,-0.002679
11/5/2024,24.7,0.012324
11/6/2024,15.85,0.025429
11/7/2024,13.84,0.007597
11/8/2024,13.09,0.004306
11/11/2024,14,0.00129
11/12/2024,13.92,-0.0029
11/13/2024,12.81,0.000389
11/14/2024,13.13,-0.006352
11/15/2024,14.81,-0.013091
11/18/2024,13.98,0.004105
11/19/2024,14.24,0.004207
11/20/2024,15.08,0.000162
11/21/2024,14.15,0.005377
11/22/2024,11.46,0.003678
11/25/2024,12.31,0.002916
11/26/2024,11.73,0.006097
11/27/2024,10.75,-0.00385
11/29/2024,10.89,0.005817
12/2/2024,11.86,0.002542
12/3/2024,11.87,0.000598
12/4/2024,11.6,0.006193
12/5/2024,11.68,-0.00163
12/6/2024,10.38,0.003001
12/9/2024,12.97,-0.006292
12/10/2024,13.29,-0.002825
12/11/2024,12.04,0.008408
12/12/2024,11.93,-0.005494
12/13/2024,10.9,0.000167
12/16/2024,12.06,0.004149
12/17/2024,13.39,-0.003839
12/18/2024,35.42,-0.0297
12/19/2024,23.72,-0.000889
12/20/2024,15.95,0.010649
12/23/2024,14.76,0.007138
12/24/2024,10.89,0.011335
12/26/2024,11.63,-0.000392
12/27/2024,13.31,-0.011109
12/30/2024,15.81,-0.010782
12/31/2024,15.15,-0.004225